company_uuid,url,data_source,headers,data_1,data_2,data_3,data_4,data_5
C-298,https://www.moneycontrol.com/financials/zomato/consolidated-profit-lossVI/Z#Z,P&L_cons,Profit & Loss account of Eternal(in Rs. Cr.),Mar 25,Mar 24,Mar 23,Mar 22,Mar 21
C-298,https://www.moneycontrol.com/financials/zomato/consolidated-profit-lossVI/Z#Z,P&L_cons,,12 mths,12 mths,12 mths,12 mths,12 mths
C-298,https://www.moneycontrol.com/financials/zomato/consolidated-profit-lossVI/Z#Z,P&L_cons,INCOME,,,,,
C-298,https://www.moneycontrol.com/financials/zomato/consolidated-profit-lossVI/Z#Z,P&L_cons,Revenue From Operations [Gross],"20,243.00","12,114.00","7,079.40","4,119.60","1,915.75"
C-298,https://www.moneycontrol.com/financials/zomato/consolidated-profit-lossVI/Z#Z,P&L_cons,Less: Excise/Sevice Tax/Other Levies,0.00,0.00,0.00,0.00,0.00
C-298,https://www.moneycontrol.com/financials/zomato/consolidated-profit-lossVI/Z#Z,P&L_cons,Revenue From Operations [Net],"20,243.00","12,114.00","7,079.40","4,119.60","1,915.75"
C-298,https://www.moneycontrol.com/financials/zomato/consolidated-profit-lossVI/Z#Z,P&L_cons,Total Operating Revenues,"20,243.00","12,114.00","7,079.40","4,192.40","1,993.79"
C-298,https://www.moneycontrol.com/financials/zomato/consolidated-profit-lossVI/Z#Z,P&L_cons,Other Income,"1,077.00",847.00,681.50,494.90,124.64
C-298,https://www.moneycontrol.com/financials/zomato/consolidated-profit-lossVI/Z#Z,P&L_cons,Total Revenue,"21,320.00","12,961.00","7,760.90","4,687.30","2,118.42"
C-298,https://www.moneycontrol.com/financials/zomato/consolidated-profit-lossVI/Z#Z,P&L_cons,EXPENSES,,,,,
C-298,https://www.moneycontrol.com/financials/zomato/consolidated-profit-lossVI/Z#Z,P&L_cons,Cost Of Materials Consumed,0.00,0.00,0.00,0.00,0.00
C-298,https://www.moneycontrol.com/financials/zomato/consolidated-profit-lossVI/Z#Z,P&L_cons,Purchase Of Stock-In Trade,"5,653.00","2,887.00","1,438.20",552.40,202.87
C-298,https://www.moneycontrol.com/financials/zomato/consolidated-profit-lossVI/Z#Z,P&L_cons,Operating And Direct Expenses,0.00,0.00,0.00,0.00,0.00
C-298,https://www.moneycontrol.com/financials/zomato/consolidated-profit-lossVI/Z#Z,P&L_cons,Changes In Inventories Of FGWIP And Stock In Trade,-88.00,-5.00,-43.00,-27.80,-11.01
C-298,https://www.moneycontrol.com/financials/zomato/consolidated-profit-lossVI/Z#Z,P&L_cons,Employee Benefit Expenses,"2,558.00","1,659.00","1,465.00","1,633.10",740.77
C-298,https://www.moneycontrol.com/financials/zomato/consolidated-profit-lossVI/Z#Z,P&L_cons,Finance Costs,154.00,72.00,48.70,12.00,10.08
C-298,https://www.moneycontrol.com/financials/zomato/consolidated-profit-lossVI/Z#Z,P&L_cons,Depreciation And Amortisation Expenses,863.00,526.00,436.90,150.30,137.74
C-298,https://www.moneycontrol.com/financials/zomato/consolidated-profit-lossVI/Z#Z,P&L_cons,Other Expenses,"11,483.00","7,531.00","5,429.50","3,885.50","1,528.32"
C-298,https://www.moneycontrol.com/financials/zomato/consolidated-profit-lossVI/Z#Z,P&L_cons,Total Expenses,"20,623.00","12,670.00","8,775.30","6,205.50","2,608.78"
C-298,https://www.moneycontrol.com/financials/zomato/consolidated-profit-lossVI/Z#Z,P&L_cons,"Profit/Loss Before Exceptional, ExtraOrdinary Items And Tax",697.00,291.00,"-1,014.40","-1,518.20",-490.36
C-298,https://www.moneycontrol.com/financials/zomato/consolidated-profit-lossVI/Z#Z,P&L_cons,Exceptional Items,0.00,0.00,0.10,297.40,-324.77
C-298,https://www.moneycontrol.com/financials/zomato/consolidated-profit-lossVI/Z#Z,P&L_cons,Profit/Loss Before Tax,697.00,291.00,"-1,014.30","-1,220.80",-815.12
C-298,https://www.moneycontrol.com/financials/zomato/consolidated-profit-lossVI/Z#Z,P&L_cons,Tax Expenses-Continued Operations,,,,,
C-298,https://www.moneycontrol.com/financials/zomato/consolidated-profit-lossVI/Z#Z,P&L_cons,Current Tax,170.00,1.00,0.40,2.00,1.30
C-298,https://www.moneycontrol.com/financials/zomato/consolidated-profit-lossVI/Z#Z,P&L_cons,Less: MAT Credit Entitlement,0.00,0.00,0.00,0.00,0.00
C-298,https://www.moneycontrol.com/financials/zomato/consolidated-profit-lossVI/Z#Z,P&L_cons,Deferred Tax,0.00,-61.00,-44.00,0.00,0.00
C-298,https://www.moneycontrol.com/financials/zomato/consolidated-profit-lossVI/Z#Z,P&L_cons,Other Direct Taxes,0.00,0.00,0.00,0.00,0.00
C-298,https://www.moneycontrol.com/financials/zomato/consolidated-profit-lossVI/Z#Z,P&L_cons,Total Tax Expenses,170.00,-60.00,-43.60,2.00,1.30
C-298,https://www.moneycontrol.com/financials/zomato/consolidated-profit-lossVI/Z#Z,P&L_cons,Profit/Loss After Tax And Before ExtraOrdinary Items,527.00,351.00,-970.70,"-1,222.80",-816.43
C-298,https://www.moneycontrol.com/financials/zomato/consolidated-profit-lossVI/Z#Z,P&L_cons,Profit/Loss From Continuing Operations,527.00,351.00,-970.70,"-1,222.80",-816.43
C-298,https://www.moneycontrol.com/financials/zomato/consolidated-profit-lossVI/Z#Z,P&L_cons,Profit/Loss For The Period,527.00,351.00,-970.70,"-1,222.80",-816.43
C-298,https://www.moneycontrol.com/financials/zomato/consolidated-profit-lossVI/Z#Z,P&L_cons,Minority Interest,0.00,0.00,-0.30,13.80,3.61
C-298,https://www.moneycontrol.com/financials/zomato/consolidated-profit-lossVI/Z#Z,P&L_cons,Consolidated Profit/Loss After MI And Associates,527.00,351.00,-971.30,"-1,208.70",-812.82
C-298,https://www.moneycontrol.com/financials/zomato/consolidated-profit-lossVI/Z#Z,P&L_cons,OTHER ADDITIONAL INFORMATION,,,,,
C-298,https://www.moneycontrol.com/financials/zomato/consolidated-profit-lossVI/Z#Z,P&L_cons,EARNINGS PER SHARE,,,,,
C-298,https://www.moneycontrol.com/financials/zomato/consolidated-profit-lossVI/Z#Z,P&L_cons,Basic EPS (Rs.),1.00,0.00,-1.00,-2.00,-2.00
C-298,https://www.moneycontrol.com/financials/zomato/consolidated-profit-lossVI/Z#Z,P&L_cons,Diluted EPS (Rs.),1.00,0.00,-1.00,-2.00,-2.00
C-298,https://www.moneycontrol.com/financials/zomato/consolidated-profit-lossVI/Z#Z,P&L_cons,DIVIDEND AND DIVIDEND PERCENTAGE,,,,,
C-298,https://www.moneycontrol.com/financials/zomato/consolidated-profit-lossVI/Z#Z,P&L_cons,Equity Share Dividend,0.00,0.00,0.00,0.00,0.00
C-298,https://www.moneycontrol.com/financials/zomato/consolidated-profit-lossVI/Z#Z,P&L_cons,Tax On Dividend,0.00,0.00,0.00,0.00,0.00
C-298,https://www.moneycontrol.com/financials/zomato/balance-sheetVI/Z#Z,BS,Balance Sheet of Eternal(in Rs. Cr.),Mar 25,Mar 24,Mar 23,Mar 22,Mar 21
C-298,https://www.moneycontrol.com/financials/zomato/balance-sheetVI/Z#Z,BS,,12 mths,12 mths,12 mths,12 mths,12 mths
C-298,https://www.moneycontrol.com/financials/zomato/balance-sheetVI/Z#Z,BS,EQUITIES AND LIABILITIES,,,,,
C-298,https://www.moneycontrol.com/financials/zomato/balance-sheetVI/Z#Z,BS,SHAREHOLDER'S FUNDS,,,,,
C-298,https://www.moneycontrol.com/financials/zomato/balance-sheetVI/Z#Z,BS,Equity Share Capital,907.00,868.00,836.40,764.30,0.03
C-298,https://www.moneycontrol.com/financials/zomato/balance-sheetVI/Z#Z,BS,Total Share Capital,907.00,868.00,836.40,764.30,0.03
C-298,https://www.moneycontrol.com/financials/zomato/balance-sheetVI/Z#Z,BS,Reserves and Surplus,"33,208.00","21,907.00","19,970.40","16,002.90","7,754.50"
C-298,https://www.moneycontrol.com/financials/zomato/balance-sheetVI/Z#Z,BS,Total Reserves and Surplus,"33,208.00","21,907.00","19,970.40","16,002.90","7,754.50"
C-298,https://www.moneycontrol.com/financials/zomato/balance-sheetVI/Z#Z,BS,Total Shareholders Funds,"34,115.00","22,775.00","20,806.80","16,767.20","7,754.53"
C-298,https://www.moneycontrol.com/financials/zomato/balance-sheetVI/Z#Z,BS,NON-CURRENT LIABILITIES,,,,,
C-298,https://www.moneycontrol.com/financials/zomato/balance-sheetVI/Z#Z,BS,Long Term Borrowings,0.00,0.00,0.00,0.00,0.00
C-298,https://www.moneycontrol.com/financials/zomato/balance-sheetVI/Z#Z,BS,Deferred Tax Liabilities [Net],47.00,0.00,0.00,0.00,0.00
C-298,https://www.moneycontrol.com/financials/zomato/balance-sheetVI/Z#Z,BS,Other Long Term Liabilities,95.00,107.00,126.10,18.40,46.69
C-298,https://www.moneycontrol.com/financials/zomato/balance-sheetVI/Z#Z,BS,Long Term Provisions,62.00,49.00,57.00,52.00,19.73
C-298,https://www.moneycontrol.com/financials/zomato/balance-sheetVI/Z#Z,BS,Total Non-Current Liabilities,204.00,156.00,183.10,70.40,66.41
C-298,https://www.moneycontrol.com/financials/zomato/balance-sheetVI/Z#Z,BS,CURRENT LIABILITIES,,,,,
C-298,https://www.moneycontrol.com/financials/zomato/balance-sheetVI/Z#Z,BS,Short Term Borrowings,0.00,0.00,0.00,0.00,0.00
C-298,https://www.moneycontrol.com/financials/zomato/balance-sheetVI/Z#Z,BS,Trade Payables,529.00,481.00,366.00,393.70,274.07
C-298,https://www.moneycontrol.com/financials/zomato/balance-sheetVI/Z#Z,BS,Other Current Liabilities,985.00,893.00,549.60,252.90,193.45
C-298,https://www.moneycontrol.com/financials/zomato/balance-sheetVI/Z#Z,BS,Short Term Provisions,18.00,20.00,21.40,16.50,4.85
C-298,https://www.moneycontrol.com/financials/zomato/balance-sheetVI/Z#Z,BS,Total Current Liabilities,"1,532.00","1,394.00",937.00,663.10,472.37
C-298,https://www.moneycontrol.com/financials/zomato/balance-sheetVI/Z#Z,BS,Total Capital And Liabilities,"35,851.00","24,325.00","21,926.90","17,500.70","8,748.24"
C-298,https://www.moneycontrol.com/financials/zomato/balance-sheetVI/Z#Z,BS,ASSETS,,,,,
C-298,https://www.moneycontrol.com/financials/zomato/balance-sheetVI/Z#Z,BS,NON-CURRENT ASSETS,,,,,
C-298,https://www.moneycontrol.com/financials/zomato/balance-sheetVI/Z#Z,BS,Tangible Assets,"1,446.00",185.00,192.60,58.30,57.54
C-298,https://www.moneycontrol.com/financials/zomato/balance-sheetVI/Z#Z,BS,Intangible Assets,25.00,"1,213.00","1,209.70","1,289.20","1,392.97"
C-298,https://www.moneycontrol.com/financials/zomato/balance-sheetVI/Z#Z,BS,Capital Work-In-Progress,0.00,0.00,0.00,0.00,0.00
C-298,https://www.moneycontrol.com/financials/zomato/balance-sheetVI/Z#Z,BS,Other Assets,0.00,0.00,0.00,0.00,0.00
C-298,https://www.moneycontrol.com/financials/zomato/balance-sheetVI/Z#Z,BS,Fixed Assets,"1,471.00","1,398.00","1,402.30","1,347.50","1,450.64"
C-298,https://www.moneycontrol.com/financials/zomato/balance-sheetVI/Z#Z,BS,Non-Current Investments,"24,431.00","18,445.00","8,861.90","3,535.60",311.74
C-298,https://www.moneycontrol.com/financials/zomato/balance-sheetVI/Z#Z,BS,Deferred Tax Assets [Net],0.00,0.00,0.00,0.00,0.00
C-298,https://www.moneycontrol.com/financials/zomato/balance-sheetVI/Z#Z,BS,Long Term Loans And Advances,880.00,0.00,958.00,0.00,0.00
C-298,https://www.moneycontrol.com/financials/zomato/balance-sheetVI/Z#Z,BS,Other Non-Current Assets,"2,758.00",935.00,"1,961.20","5,280.80","3,009.91"
C-298,https://www.moneycontrol.com/financials/zomato/balance-sheetVI/Z#Z,BS,Total Non-Current Assets,"29,540.00","20,778.00","13,183.40","10,163.90","4,772.29"
C-298,https://www.moneycontrol.com/financials/zomato/balance-sheetVI/Z#Z,BS,CURRENT ASSETS,,,,,
C-298,https://www.moneycontrol.com/financials/zomato/balance-sheetVI/Z#Z,BS,Current Investments,"1,442.00",927.00,"3,832.50","1,600.80","2,194.11"
C-298,https://www.moneycontrol.com/financials/zomato/balance-sheetVI/Z#Z,BS,Inventories,0.00,0.00,0.30,0.00,0.00
C-298,https://www.moneycontrol.com/financials/zomato/balance-sheetVI/Z#Z,BS,Trade Receivables,112.00,69.00,62.20,166.90,123.71
C-298,https://www.moneycontrol.com/financials/zomato/balance-sheetVI/Z#Z,BS,Cash And Cash Equivalents,"1,799.00",459.00,398.30,"1,464.70",765.18
C-298,https://www.moneycontrol.com/financials/zomato/balance-sheetVI/Z#Z,BS,Short Term Loans And Advances,0.00,0.00,0.00,375.00,40.00
C-298,https://www.moneycontrol.com/financials/zomato/balance-sheetVI/Z#Z,BS,OtherCurrentAssets,"2,958.00","2,092.00","4,450.20","3,729.40",852.95
C-298,https://www.moneycontrol.com/financials/zomato/balance-sheetVI/Z#Z,BS,Total Current Assets,"6,311.00","3,547.00","8,743.50","7,336.80","3,975.95"
C-298,https://www.moneycontrol.com/financials/zomato/balance-sheetVI/Z#Z,BS,Total Assets,"35,851.00","24,325.00","21,926.90","17,500.70","8,748.24"
C-298,https://www.moneycontrol.com/financials/zomato/balance-sheetVI/Z#Z,BS,OTHER ADDITIONAL INFORMATION,,,,,
C-298,https://www.moneycontrol.com/financials/zomato/balance-sheetVI/Z#Z,BS,"CONTINGENT LIABILITIES, COMMITMENTS",,,,,
C-298,https://www.moneycontrol.com/financials/zomato/balance-sheetVI/Z#Z,BS,Contingent Liabilities,0.00,432.00,0.00,97.10,92.94
C-298,https://www.moneycontrol.com/financials/zomato/balance-sheetVI/Z#Z,BS,CIF VALUE OF IMPORTS,,,,,
C-298,https://www.moneycontrol.com/financials/zomato/balance-sheetVI/Z#Z,BS,Raw Materials,0.00,0.00,0.00,0.00,0.00
C-298,https://www.moneycontrol.com/financials/zomato/balance-sheetVI/Z#Z,BS,"Stores, Spares And Loose Tools",0.00,0.00,0.00,0.00,0.00
C-298,https://www.moneycontrol.com/financials/zomato/balance-sheetVI/Z#Z,BS,Trade/Other Goods,0.00,0.00,0.00,0.00,0.00
C-298,https://www.moneycontrol.com/financials/zomato/balance-sheetVI/Z#Z,BS,Capital Goods,0.00,0.00,0.00,0.00,0.00
C-298,https://www.moneycontrol.com/financials/zomato/balance-sheetVI/Z#Z,BS,EXPENDITURE IN FOREIGN EXCHANGE,,,,,
C-298,https://www.moneycontrol.com/financials/zomato/balance-sheetVI/Z#Z,BS,Expenditure In Foreign Currency,0.00,0.00,0.00,0.00,0.00
C-298,https://www.moneycontrol.com/financials/zomato/balance-sheetVI/Z#Z,BS,REMITTANCES IN FOREIGN CURRENCIES FOR DIVIDENDS,,,,,
C-298,https://www.moneycontrol.com/financials/zomato/balance-sheetVI/Z#Z,BS,Dividend Remittance In Foreign Currency,--,--,--,--,--
C-298,https://www.moneycontrol.com/financials/zomato/balance-sheetVI/Z#Z,BS,EARNINGS IN FOREIGN EXCHANGE,,,,,
C-298,https://www.moneycontrol.com/financials/zomato/balance-sheetVI/Z#Z,BS,FOB Value Of Goods,--,--,--,--,--
C-298,https://www.moneycontrol.com/financials/zomato/balance-sheetVI/Z#Z,BS,Other Earnings,--,--,--,--,--
C-298,https://www.moneycontrol.com/financials/zomato/balance-sheetVI/Z#Z,BS,BONUS DETAILS,,,,,
C-298,https://www.moneycontrol.com/financials/zomato/balance-sheetVI/Z#Z,BS,Bonus Equity Share Capital,--,214.50,211.50,210.20,--
C-298,https://www.moneycontrol.com/financials/zomato/balance-sheetVI/Z#Z,BS,NON-CURRENT INVESTMENTS,,,,,
C-298,https://www.moneycontrol.com/financials/zomato/balance-sheetVI/Z#Z,BS,Non-Current Investments Quoted Market Value,--,--,--,--,--
C-298,https://www.moneycontrol.com/financials/zomato/balance-sheetVI/Z#Z,BS,Non-Current Investments Unquoted Book Value,--,"18,445.00",--,"3,066.70",311.74
C-298,https://www.moneycontrol.com/financials/zomato/balance-sheetVI/Z#Z,BS,CURRENT INVESTMENTS,,,,,
C-298,https://www.moneycontrol.com/financials/zomato/balance-sheetVI/Z#Z,BS,Current Investments Quoted Market Value,--,814.00,--,--,--
C-298,https://www.moneycontrol.com/financials/zomato/balance-sheetVI/Z#Z,BS,Current Investments Unquoted Book Value,--,113.00,"3,832.50","1,600.80","2,194.11"
C-298,https://www.moneycontrol.com/financials/zomato/consolidated-balance-sheetVI/Z#Z,BS_cons,Balance Sheet of Eternal(in Rs. Cr.),Mar 24,Mar 23,Mar 22,Mar 21,Mar 20
C-298,https://www.moneycontrol.com/financials/zomato/consolidated-balance-sheetVI/Z#Z,BS_cons,,12 mths,12 mths,12 mths,12 mths,12 mths
C-298,https://www.moneycontrol.com/financials/zomato/consolidated-balance-sheetVI/Z#Z,BS_cons,EQUITIES AND LIABILITIES,,,,,
C-298,https://www.moneycontrol.com/financials/zomato/consolidated-balance-sheetVI/Z#Z,BS_cons,SHAREHOLDER'S FUNDS,,,,,
C-298,https://www.moneycontrol.com/financials/zomato/consolidated-balance-sheetVI/Z#Z,BS_cons,Equity Share Capital,868.00,836.40,764.30,0.03,0.03
C-298,https://www.moneycontrol.com/financials/zomato/consolidated-balance-sheetVI/Z#Z,BS_cons,Total Share Capital,868.00,836.40,764.30,0.03,0.03
C-298,https://www.moneycontrol.com/financials/zomato/consolidated-balance-sheetVI/Z#Z,BS_cons,Reserves and Surplus,"19,545.00","18,623.40","15,741.20","7,643.76",457.35
C-298,https://www.moneycontrol.com/financials/zomato/consolidated-balance-sheetVI/Z#Z,BS_cons,Total Reserves and Surplus,"19,545.00","18,623.40","15,741.20","7,643.76",457.35
C-298,https://www.moneycontrol.com/financials/zomato/consolidated-balance-sheetVI/Z#Z,BS_cons,Total Shareholders Funds,"20,413.00","19,459.80","16,505.50","7,643.79",457.38
C-298,https://www.moneycontrol.com/financials/zomato/consolidated-balance-sheetVI/Z#Z,BS_cons,Minority Interest,-7.00,-6.60,-6.60,-5.71,-6.50
C-298,https://www.moneycontrol.com/financials/zomato/consolidated-balance-sheetVI/Z#Z,BS_cons,NON-CURRENT LIABILITIES,,,,,
C-298,https://www.moneycontrol.com/financials/zomato/consolidated-balance-sheetVI/Z#Z,BS_cons,Long Term Borrowings,0.00,5.80,0.00,0.00,1.47
C-298,https://www.moneycontrol.com/financials/zomato/consolidated-balance-sheetVI/Z#Z,BS_cons,Deferred Tax Liabilities [Net],188.00,249.50,0.00,0.00,0.00
C-298,https://www.moneycontrol.com/financials/zomato/consolidated-balance-sheetVI/Z#Z,BS_cons,Other Long Term Liabilities,591.00,355.60,51.30,66.89,"1,458.09"
C-298,https://www.moneycontrol.com/financials/zomato/consolidated-balance-sheetVI/Z#Z,BS_cons,Long Term Provisions,88.00,93.60,65.30,25.91,16.71
C-298,https://www.moneycontrol.com/financials/zomato/consolidated-balance-sheetVI/Z#Z,BS_cons,Total Non-Current Liabilities,867.00,704.50,116.60,92.79,"1,476.27"
C-298,https://www.moneycontrol.com/financials/zomato/consolidated-balance-sheetVI/Z#Z,BS_cons,CURRENT LIABILITIES,,,,,
C-298,https://www.moneycontrol.com/financials/zomato/consolidated-balance-sheetVI/Z#Z,BS_cons,Short Term Borrowings,0.00,34.50,0.00,1.36,0.00
C-298,https://www.moneycontrol.com/financials/zomato/consolidated-balance-sheetVI/Z#Z,BS_cons,Trade Payables,886.00,679.80,428.80,297.16,268.73
C-298,https://www.moneycontrol.com/financials/zomato/consolidated-balance-sheetVI/Z#Z,BS_cons,Other Current Liabilities,"1,168.00",700.80,264.20,212.24,442.85
C-298,https://www.moneycontrol.com/financials/zomato/consolidated-balance-sheetVI/Z#Z,BS_cons,Short Term Provisions,29.00,25.90,18.50,6.98,9.25
C-298,https://www.moneycontrol.com/financials/zomato/consolidated-balance-sheetVI/Z#Z,BS_cons,Total Current Liabilities,"2,083.00","1,441.00",711.50,517.74,720.83
C-298,https://www.moneycontrol.com/financials/zomato/consolidated-balance-sheetVI/Z#Z,BS_cons,Total Capital And Liabilities,"23,356.00","21,598.70","17,327.00","8,703.54","2,900.38"
C-298,https://www.moneycontrol.com/financials/zomato/consolidated-balance-sheetVI/Z#Z,BS_cons,ASSETS,,,,,
C-298,https://www.moneycontrol.com/financials/zomato/consolidated-balance-sheetVI/Z#Z,BS_cons,NON-CURRENT ASSETS,,,,,
C-298,https://www.moneycontrol.com/financials/zomato/consolidated-balance-sheetVI/Z#Z,BS_cons,Tangible Assets,977.00,635.70,115.10,83.85,103.24
C-298,https://www.moneycontrol.com/financials/zomato/consolidated-balance-sheetVI/Z#Z,BS_cons,Intangible Assets,754.00,990.50,79.90,207.42,278.02
C-298,https://www.moneycontrol.com/financials/zomato/consolidated-balance-sheetVI/Z#Z,BS_cons,Capital Work-In-Progress,18.00,7.50,0.60,0.00,0.19
C-298,https://www.moneycontrol.com/financials/zomato/consolidated-balance-sheetVI/Z#Z,BS_cons,Fixed Assets,"1,749.00","1,633.70",195.60,291.39,382.22
C-298,https://www.moneycontrol.com/financials/zomato/consolidated-balance-sheetVI/Z#Z,BS_cons,Non-Current Investments,"10,365.00","2,279.60","3,086.00",0.00,0.00
C-298,https://www.moneycontrol.com/financials/zomato/consolidated-balance-sheetVI/Z#Z,BS_cons,Deferred Tax Assets [Net],0.00,0.00,0.00,0.00,0.00
C-298,https://www.moneycontrol.com/financials/zomato/consolidated-balance-sheetVI/Z#Z,BS_cons,Long Term Loans And Advances,0.00,0.00,0.00,0.00,0.00
C-298,https://www.moneycontrol.com/financials/zomato/consolidated-balance-sheetVI/Z#Z,BS_cons,Other Non-Current Assets,"1,067.00","2,137.80","5,291.10","3,013.82",45.53
C-298,https://www.moneycontrol.com/financials/zomato/consolidated-balance-sheetVI/Z#Z,BS_cons,Total Non-Current Assets,"17,898.00","10,767.70","9,782.00","4,553.00","1,637.03"
C-298,https://www.moneycontrol.com/financials/zomato/consolidated-balance-sheetVI/Z#Z,BS_cons,CURRENT ASSETS,,,,,
C-298,https://www.moneycontrol.com/financials/zomato/consolidated-balance-sheetVI/Z#Z,BS_cons,Current Investments,"1,280.00","4,485.00","1,631.70","2,205.25",323.92
C-298,https://www.moneycontrol.com/financials/zomato/consolidated-balance-sheetVI/Z#Z,BS_cons,Inventories,88.00,82.70,39.70,14.80,3.73
C-298,https://www.moneycontrol.com/financials/zomato/consolidated-balance-sheetVI/Z#Z,BS_cons,Trade Receivables,794.00,456.90,159.90,129.87,123.12
C-298,https://www.moneycontrol.com/financials/zomato/consolidated-balance-sheetVI/Z#Z,BS_cons,Cash And Cash Equivalents,731.00,"1,016.80","1,575.50",903.66,359.88
C-298,https://www.moneycontrol.com/financials/zomato/consolidated-balance-sheetVI/Z#Z,BS_cons,Short Term Loans And Advances,0.00,0.40,375.00,0.00,0.00
C-298,https://www.moneycontrol.com/financials/zomato/consolidated-balance-sheetVI/Z#Z,BS_cons,OtherCurrentAssets,"2,565.00","4,789.20","3,763.20",896.97,452.71
C-298,https://www.moneycontrol.com/financials/zomato/consolidated-balance-sheetVI/Z#Z,BS_cons,Total Current Assets,"5,458.00","10,831.00","7,545.00","4,150.54","1,263.36"
C-298,https://www.moneycontrol.com/financials/zomato/consolidated-balance-sheetVI/Z#Z,BS_cons,Total Assets,"23,356.00","21,598.70","17,327.00","8,703.54","2,900.38"
C-298,https://www.moneycontrol.com/financials/zomato/consolidated-balance-sheetVI/Z#Z,BS_cons,OTHER ADDITIONAL INFORMATION,,,,,
C-298,https://www.moneycontrol.com/financials/zomato/consolidated-balance-sheetVI/Z#Z,BS_cons,"CONTINGENT LIABILITIES, COMMITMENTS",,,,,
C-298,https://www.moneycontrol.com/financials/zomato/consolidated-balance-sheetVI/Z#Z,BS_cons,Contingent Liabilities,509.00,0.00,97.40,93.89,0.66
C-298,https://www.moneycontrol.com/financials/zomato/consolidated-balance-sheetVI/Z#Z,BS_cons,BONUS DETAILS,,,,,
C-298,https://www.moneycontrol.com/financials/zomato/consolidated-balance-sheetVI/Z#Z,BS_cons,Bonus Equity Share Capital,214.50,211.50,210.20,0.00,0.00
C-298,https://www.moneycontrol.com/financials/zomato/consolidated-balance-sheetVI/Z#Z,BS_cons,NON-CURRENT INVESTMENTS,,,,,
C-298,https://www.moneycontrol.com/financials/zomato/consolidated-balance-sheetVI/Z#Z,BS_cons,Non-Current Investments Quoted Market Value,0.00,0.00,0.00,0.00,0.00
C-298,https://www.moneycontrol.com/financials/zomato/consolidated-balance-sheetVI/Z#Z,BS_cons,Non-Current Investments Unquoted Book Value,"10,365.00",0.00,"2,617.10",0.00,0.00
C-298,https://www.moneycontrol.com/financials/zomato/consolidated-balance-sheetVI/Z#Z,BS_cons,CURRENT INVESTMENTS,,,,,
C-298,https://www.moneycontrol.com/financials/zomato/consolidated-balance-sheetVI/Z#Z,BS_cons,Current Investments Quoted Market Value,"1,167.00",0.00,0.00,0.00,0.00
C-298,https://www.moneycontrol.com/financials/zomato/consolidated-balance-sheetVI/Z#Z,BS_cons,Current Investments Unquoted Book Value,113.00,"4,485.00","1,631.70","2,205.25",323.92
C-298,https://www.moneycontrol.com/financials/zomato/profit-lossVI/Z#Z,P&L,Profit & Loss account of Eternal(in Rs. Cr.),Mar 25,Mar 24,Mar 23,Mar 22,Mar 21
C-298,https://www.moneycontrol.com/financials/zomato/profit-lossVI/Z#Z,P&L,,12 mths,12 mths,12 mths,12 mths,12 mths
C-298,https://www.moneycontrol.com/financials/zomato/profit-lossVI/Z#Z,P&L,INCOME,,,,,
C-298,https://www.moneycontrol.com/financials/zomato/profit-lossVI/Z#Z,P&L,Revenue From Operations [Gross],"8,617.00","6,622.00","4,707.40","3,611.00","1,635.86"
C-298,https://www.moneycontrol.com/financials/zomato/profit-lossVI/Z#Z,P&L,Less: Excise/Sevice Tax/Other Levies,0.00,0.00,0.00,0.00,0.00
C-298,https://www.moneycontrol.com/financials/zomato/profit-lossVI/Z#Z,P&L,Revenue From Operations [Net],"8,617.00","6,622.00","4,707.40","3,611.00","1,635.86"
C-298,https://www.moneycontrol.com/financials/zomato/profit-lossVI/Z#Z,P&L,Total Operating Revenues,"8,617.00","6,622.00","4,707.40","3,611.00","1,713.89"
C-298,https://www.moneycontrol.com/financials/zomato/profit-lossVI/Z#Z,P&L,Other Income,"1,260.00",920.00,799.50,497.50,131.92
C-298,https://www.moneycontrol.com/financials/zomato/profit-lossVI/Z#Z,P&L,Total Revenue,"9,877.00","7,542.00","5,506.90","4,108.50","1,845.82"
C-298,https://www.moneycontrol.com/financials/zomato/profit-lossVI/Z#Z,P&L,EXPENSES,,,,,
C-298,https://www.moneycontrol.com/financials/zomato/profit-lossVI/Z#Z,P&L,Cost Of Materials Consumed,0.00,0.00,0.00,0.00,0.00
C-298,https://www.moneycontrol.com/financials/zomato/profit-lossVI/Z#Z,P&L,Purchase Of Stock-In Trade,0.00,5.00,0.70,0.00,0.00
C-298,https://www.moneycontrol.com/financials/zomato/profit-lossVI/Z#Z,P&L,Operating And Direct Expenses,0.00,0.00,0.00,0.00,0.00
C-298,https://www.moneycontrol.com/financials/zomato/profit-lossVI/Z#Z,P&L,"Changes In Inventories Of FG,WIP And Stock-In Trade",0.00,0.00,-0.30,0.00,0.00
C-298,https://www.moneycontrol.com/financials/zomato/profit-lossVI/Z#Z,P&L,Employee Benefit Expenses,"1,266.00",965.00,"1,116.50","1,479.00",578.43
C-298,https://www.moneycontrol.com/financials/zomato/profit-lossVI/Z#Z,P&L,Finance Costs,16.00,18.00,16.90,5.50,7.93
C-298,https://www.moneycontrol.com/financials/zomato/profit-lossVI/Z#Z,P&L,Depreciation And Amortisation Expenses,97.00,73.00,140.30,133.40,128.87
C-298,https://www.moneycontrol.com/financials/zomato/profit-lossVI/Z#Z,P&L,Other Expenses,"6,297.00","5,070.00","4,115.60","3,759.40","1,469.81"
C-298,https://www.moneycontrol.com/financials/zomato/profit-lossVI/Z#Z,P&L,Total Expenses,"7,676.00","6,131.00","5,389.70","5,377.30","2,185.04"
C-298,https://www.moneycontrol.com/financials/zomato/profit-lossVI/Z#Z,P&L,"Profit/Loss Before Exceptional, ExtraOrdinary Items And Tax","2,201.00","1,411.00",117.20,"-1,268.80",-339.22
C-298,https://www.moneycontrol.com/financials/zomato/profit-lossVI/Z#Z,P&L,Exceptional Items,-11.00,-39.00,0.00,171.00,-546.79
C-298,https://www.moneycontrol.com/financials/zomato/profit-lossVI/Z#Z,P&L,Profit/Loss Before Tax,"2,190.00","1,372.00",117.20,"-1,097.80",-886.01
C-298,https://www.moneycontrol.com/financials/zomato/profit-lossVI/Z#Z,P&L,Tax Expenses-Continued Operations,,,,,
C-298,https://www.moneycontrol.com/financials/zomato/profit-lossVI/Z#Z,P&L,Current Tax,230.00,1.00,0.30,0.20,0.00
C-298,https://www.moneycontrol.com/financials/zomato/profit-lossVI/Z#Z,P&L,Less: MAT Credit Entitlement,0.00,0.00,0.00,0.00,0.00
C-298,https://www.moneycontrol.com/financials/zomato/profit-lossVI/Z#Z,P&L,Deferred Tax,0.00,0.00,0.00,0.00,0.00
C-298,https://www.moneycontrol.com/financials/zomato/profit-lossVI/Z#Z,P&L,Tax For Earlier Years,0.00,0.00,0.00,0.00,0.00
C-298,https://www.moneycontrol.com/financials/zomato/profit-lossVI/Z#Z,P&L,Total Tax Expenses,230.00,1.00,0.30,0.20,0.00
C-298,https://www.moneycontrol.com/financials/zomato/profit-lossVI/Z#Z,P&L,Profit/Loss After Tax And Before ExtraOrdinary Items,"1,960.00","1,371.00",116.90,"-1,098.00",-886.01
C-298,https://www.moneycontrol.com/financials/zomato/profit-lossVI/Z#Z,P&L,Profit/Loss From Continuing Operations,"1,960.00","1,371.00",116.90,"-1,098.00",-886.01
C-298,https://www.moneycontrol.com/financials/zomato/profit-lossVI/Z#Z,P&L,Profit/Loss For The Period,"1,960.00","1,371.00",116.90,"-1,098.00",-886.01
C-298,https://www.moneycontrol.com/financials/zomato/profit-lossVI/Z#Z,P&L,OTHER ADDITIONAL INFORMATION,,,,,
C-298,https://www.moneycontrol.com/financials/zomato/profit-lossVI/Z#Z,P&L,EARNINGS PER SHARE,,,,,
C-298,https://www.moneycontrol.com/financials/zomato/profit-lossVI/Z#Z,P&L,Basic EPS (Rs.),2.22,1.61,0.14,-1.52,-1.65
C-298,https://www.moneycontrol.com/financials/zomato/profit-lossVI/Z#Z,P&L,Diluted EPS (Rs.),2.15,1.57,0.13,-1.52,-1.65
C-298,https://www.moneycontrol.com/financials/zomato/profit-lossVI/Z#Z,P&L,"VALUE OF IMPORTED AND INDIGENIOUS RAW MATERIALS STORES, SPARES AND LOOSE TOOLS",,,,,
C-298,https://www.moneycontrol.com/financials/zomato/profit-lossVI/Z#Z,P&L,Imported Raw Materials,0.00,0.00,0.00,0.00,0.00
C-298,https://www.moneycontrol.com/financials/zomato/profit-lossVI/Z#Z,P&L,Indigenous Raw Materials,0.00,0.00,0.00,0.00,0.00
C-298,https://www.moneycontrol.com/financials/zomato/profit-lossVI/Z#Z,P&L,"STORES, SPARES AND LOOSE TOOLS",,,,,
C-298,https://www.moneycontrol.com/financials/zomato/profit-lossVI/Z#Z,P&L,Imported Stores And Spares,0.00,0.00,0.00,0.00,0.00
C-298,https://www.moneycontrol.com/financials/zomato/profit-lossVI/Z#Z,P&L,Indigenous Stores And Spares,0.00,0.00,0.00,0.00,0.00
C-298,https://www.moneycontrol.com/financials/zomato/profit-lossVI/Z#Z,P&L,DIVIDEND AND DIVIDEND PERCENTAGE,,,,,
C-298,https://www.moneycontrol.com/financials/zomato/profit-lossVI/Z#Z,P&L,Equity Share Dividend,0.00,0.00,0.00,0.00,0.00
C-298,https://www.moneycontrol.com/financials/zomato/profit-lossVI/Z#Z,P&L,Tax On Dividend,0.00,0.00,0.00,0.00,0.00
C-298,https://www.moneycontrol.com/financials/zomato/profit-lossVI/Z#Z,P&L,Equity Dividend Rate (%),0.00,0.00,0.00,0.00,0.00
C-298,https://www.moneycontrol.com/financials/zomato/cash-flowVI/Z#Z,CF,Cash Flow of Eternal(in Rs. Cr.),Mar 25,Mar 24,Mar 23,Mar 22,Mar 21
C-298,https://www.moneycontrol.com/financials/zomato/cash-flowVI/Z#Z,CF,,12 mths,12 mths,12 mths,12 mths,12 mths
C-298,https://www.moneycontrol.com/financials/zomato/cash-flowVI/Z#Z,CF,Net Profit/Loss Before Extraordinary Items And Tax,"2,190.00","1,372.00",117.20,"-1,097.80",-886.01
C-298,https://www.moneycontrol.com/financials/zomato/cash-flowVI/Z#Z,CF,Net CashFlow From Operating Activities,"1,614.00","1,379.00",225.00,-508.60,-316.40
C-298,https://www.moneycontrol.com/financials/zomato/cash-flowVI/Z#Z,CF,Net Cash Used In Investing Activities,"-9,752.00","-1,301.00",-382.40,"-8,130.80","-6,078.63"
C-298,https://www.moneycontrol.com/financials/zomato/cash-flowVI/Z#Z,CF,Net Cash Used From Financing Activities,"8,388.00",-20.00,-14.80,"8,762.80","6,474.48"
C-298,https://www.moneycontrol.com/financials/zomato/cash-flowVI/Z#Z,CF,Foreign Exchange Gains / Losses,0.00,0.00,0.90,2.10,-0.91
C-298,https://www.moneycontrol.com/financials/zomato/cash-flowVI/Z#Z,CF,Adjustments On Amalgamation Merger Demerger Others,0.00,0.00,0.00,0.00,0.00
C-298,https://www.moneycontrol.com/financials/zomato/cash-flowVI/Z#Z,CF,Net Inc/Dec In Cash And Cash Equivalents,250.00,58.00,-171.30,125.50,78.55
C-298,https://www.moneycontrol.com/financials/zomato/cash-flowVI/Z#Z,CF,Cash And Cash Equivalents Begin of Year,181.00,123.00,294.10,168.60,90.05
C-298,https://www.moneycontrol.com/financials/zomato/cash-flowVI/Z#Z,CF,Cash And Cash Equivalents End Of Year,431.00,181.00,122.80,294.10,168.60
C-298,https://www.moneycontrol.com/financials/zomato/consolidated-cash-flowVI/Z#Z,CF_cons,Cash Flow of Eternal(in Rs. Cr.),Mar 25,Mar 24,Mar 23,Mar 22,Mar 21
C-298,https://www.moneycontrol.com/financials/zomato/consolidated-cash-flowVI/Z#Z,CF_cons,,12 mths,12 mths,12 mths,12 mths,12 mths
C-298,https://www.moneycontrol.com/financials/zomato/consolidated-cash-flowVI/Z#Z,CF_cons,Net Profit/Loss Before Extraordinary Items And Tax,697.00,291.00,"-1,014.60","-1,220.50",-815.12
C-298,https://www.moneycontrol.com/financials/zomato/consolidated-cash-flowVI/Z#Z,CF_cons,Net CashFlow From Operating Activities,308.00,646.00,-844.00,-693.00,"-1,017.93"
C-298,https://www.moneycontrol.com/financials/zomato/consolidated-cash-flowVI/Z#Z,CF_cons,Net Cash Used In Investing Activities,"-7,993.00",-347.00,457.30,"-7,937.80","-5,243.62"
C-298,https://www.moneycontrol.com/financials/zomato/consolidated-cash-flowVI/Z#Z,CF_cons,Net Cash Used From Financing Activities,"8,042.00",-207.00,-127.40,"8,749.80","6,401.90"
C-298,https://www.moneycontrol.com/financials/zomato/consolidated-cash-flowVI/Z#Z,CF_cons,Foreign Exchange Gains / Losses,0.00,-1.00,0.90,-33.20,-1.00
C-298,https://www.moneycontrol.com/financials/zomato/consolidated-cash-flowVI/Z#Z,CF_cons,Adjustments On Amalgamation Merger Demerger Others,0.00,0.00,339.00,0.00,0.00
C-298,https://www.moneycontrol.com/financials/zomato/consolidated-cash-flowVI/Z#Z,CF_cons,Net Inc/Dec In Cash And Cash Equivalents,357.00,91.00,-174.20,85.80,139.35
C-298,https://www.moneycontrol.com/financials/zomato/consolidated-cash-flowVI/Z#Z,CF_cons,Cash And Cash Equivalents Begin of Year,309.00,218.00,392.30,306.50,167.20
C-298,https://www.moneycontrol.com/financials/zomato/consolidated-cash-flowVI/Z#Z,CF_cons,Cash And Cash Equivalents End Of Year,666.00,309.00,218.10,392.30,306.55
C-298,https://www.moneycontrol.com/financials/zomato/ratiosVI/Z#Z,FR,Key Financial Ratios of Eternal(in Rs. Cr.),Mar 25,Mar 24,Mar 23,Mar 22,Mar 21
C-298,https://www.moneycontrol.com/financials/zomato/ratiosVI/Z#Z,FR,Per Share Ratios,,,,,
C-298,https://www.moneycontrol.com/financials/zomato/ratiosVI/Z#Z,FR,Basic EPS (Rs.),2.22,1.61,0.14,-1.52,-1.65
C-298,https://www.moneycontrol.com/financials/zomato/ratiosVI/Z#Z,FR,Diluted EPS (Rs.),2.15,1.57,0.13,-1.52,-1.65
C-298,https://www.moneycontrol.com/financials/zomato/ratiosVI/Z#Z,FR,Cash EPS (Rs.),2.27,1.66,0.31,-1.26,"-24,423.71"
C-298,https://www.moneycontrol.com/financials/zomato/ratiosVI/Z#Z,FR,Book Value [ExclRevalReserve]/Share (Rs.),37.61,26.24,24.88,21.94,"250,146.10"
C-298,https://www.moneycontrol.com/financials/zomato/ratiosVI/Z#Z,FR,Book Value [InclRevalReserve]/Share (Rs.),37.61,26.24,24.88,21.94,"250,146.10"
C-298,https://www.moneycontrol.com/financials/zomato/ratiosVI/Z#Z,FR,Dividend / Share(Rs.),0.00,0.00,0.00,0.00,0.00
C-298,https://www.moneycontrol.com/financials/zomato/ratiosVI/Z#Z,FR,Revenue from Operations/Share (Rs.),9.50,7.63,5.63,4.72,"55,286.90"
C-298,https://www.moneycontrol.com/financials/zomato/ratiosVI/Z#Z,FR,PBDIT/Share (Rs.),2.55,1.73,0.33,-1.48,"-6,529.45"
C-298,https://www.moneycontrol.com/financials/zomato/ratiosVI/Z#Z,FR,PBIT/Share (Rs.),2.44,1.65,0.16,-1.65,"-10,686.68"
C-298,https://www.moneycontrol.com/financials/zomato/ratiosVI/Z#Z,FR,PBT/Share (Rs.),2.41,1.58,0.14,-1.44,"-28,580.94"
C-298,https://www.moneycontrol.com/financials/zomato/ratiosVI/Z#Z,FR,Net Profit/Share (Rs.),2.16,1.58,0.14,-1.44,"-28,580.94"
C-298,https://www.moneycontrol.com/financials/zomato/ratiosVI/Z#Z,FR,Profitability Ratios,,,,,
C-298,https://www.moneycontrol.com/financials/zomato/ratiosVI/Z#Z,FR,PBDIT Margin (%),26.85,22.68,5.82,-31.29,-11.81
C-298,https://www.moneycontrol.com/financials/zomato/ratiosVI/Z#Z,FR,PBIT Margin (%),25.72,21.57,2.84,-34.98,-19.32
C-298,https://www.moneycontrol.com/financials/zomato/ratiosVI/Z#Z,FR,PBT Margin (%),25.41,20.71,2.48,-30.40,-51.69
C-298,https://www.moneycontrol.com/financials/zomato/ratiosVI/Z#Z,FR,Net Profit Margin (%),22.74,20.70,2.48,-30.40,-51.69
C-298,https://www.moneycontrol.com/financials/zomato/ratiosVI/Z#Z,FR,Return on Networth / Equity (%),5.74,6.01,0.56,-6.54,-11.42
C-298,https://www.moneycontrol.com/financials/zomato/ratiosVI/Z#Z,FR,Return on Capital Employed (%),6.45,6.23,0.63,-7.50,-4.00
C-298,https://www.moneycontrol.com/financials/zomato/ratiosVI/Z#Z,FR,Return on Assets (%),5.46,5.63,0.53,-6.27,-10.12
C-298,https://www.moneycontrol.com/financials/zomato/ratiosVI/Z#Z,FR,Total Debt/Equity (X),0.00,0.00,0.00,0.00,0.00
C-298,https://www.moneycontrol.com/financials/zomato/ratiosVI/Z#Z,FR,Asset Turnover Ratio (%),0.29,0.29,0.24,0.28,19.59
C-298,https://www.moneycontrol.com/financials/zomato/ratiosVI/Z#Z,FR,Liquidity Ratios,,,,,
C-298,https://www.moneycontrol.com/financials/zomato/ratiosVI/Z#Z,FR,Current Ratio (X),4.12,2.54,9.33,11.06,8.42
C-298,https://www.moneycontrol.com/financials/zomato/ratiosVI/Z#Z,FR,Quick Ratio (X),4.12,2.54,9.33,11.06,8.42
C-298,https://www.moneycontrol.com/financials/zomato/ratiosVI/Z#Z,FR,Inventory Turnover Ratio (X),0.00,0.00,0.00,0.00,0.00
C-298,https://www.moneycontrol.com/financials/zomato/ratiosVI/Z#Z,FR,Dividend Payout Ratio (NP) (%),0.00,0.00,0.00,0.00,0.00
C-298,https://www.moneycontrol.com/financials/zomato/ratiosVI/Z#Z,FR,Dividend Payout Ratio (CP) (%),0.00,0.00,0.00,0.00,0.00
C-298,https://www.moneycontrol.com/financials/zomato/ratiosVI/Z#Z,FR,Earnings Retention Ratio (%),0.00,0.00,0.00,0.00,0.00
C-298,https://www.moneycontrol.com/financials/zomato/ratiosVI/Z#Z,FR,Cash Earnings Retention Ratio (%),0.00,0.00,0.00,0.00,0.00
C-298,https://www.moneycontrol.com/financials/zomato/ratiosVI/Z#Z,FR,Valuation Ratios,,,,,
C-298,https://www.moneycontrol.com/financials/zomato/ratiosVI/Z#Z,FR,Enterprise Value (Cr.),"192,655.57","157,820.80","42,224.64","61,437.19",0.00
C-298,https://www.moneycontrol.com/financials/zomato/ratiosVI/Z#Z,FR,EV/Net Operating Revenue (X),21.00,23.83,8.97,17.01,0.00
C-298,https://www.moneycontrol.com/financials/zomato/ratiosVI/Z#Z,FR,EV/EBITDA (X),78.20,105.07,153.88,-54.37,0.00
C-298,https://www.moneycontrol.com/financials/zomato/ratiosVI/Z#Z,FR,MarketCap/Net Operating Revenue (X),21.21,23.90,9.05,17.42,0.00
C-298,https://www.moneycontrol.com/financials/zomato/ratiosVI/Z#Z,FR,Retention Ratios (%),0.00,0.00,0.00,0.00,0.00
C-298,https://www.moneycontrol.com/financials/zomato/ratiosVI/Z#Z,FR,Price/BV (X),5.36,6.95,2.05,3.75,0.00
C-298,https://www.moneycontrol.com/financials/zomato/ratiosVI/Z#Z,FR,Price/Net Operating Revenue,21.21,23.90,9.05,17.42,0.00
C-298,https://www.moneycontrol.com/financials/zomato/ratiosVI/Z#Z,FR,Earnings Yield,0.01,0.01,0.00,-0.02,0.00
C-298,https://www.moneycontrol.com/financials/zomato/consolidated-ratiosVI/Z#Z,FR_cons,Key Financial Ratios of Eternal(in Rs. Cr.),Mar 24,Mar 23,Mar 22,Mar 21,Mar 20
C-298,https://www.moneycontrol.com/financials/zomato/consolidated-ratiosVI/Z#Z,FR_cons,Per Share Ratios,,,,,
C-298,https://www.moneycontrol.com/financials/zomato/consolidated-ratiosVI/Z#Z,FR_cons,Basic EPS (Rs.),0.41,-1.20,-1.67,-1.51,-5.42
C-298,https://www.moneycontrol.com/financials/zomato/consolidated-ratiosVI/Z#Z,FR_cons,Diluted EPS (Rs.),0.40,-1.20,-1.67,-1.51,-5.42
C-298,https://www.moneycontrol.com/financials/zomato/consolidated-ratiosVI/Z#Z,FR_cons,Cash EPS (Rs.),1.01,-0.64,-1.40,"-21,893.03","-76,712.17"
C-298,https://www.moneycontrol.com/financials/zomato/consolidated-ratiosVI/Z#Z,FR_cons,Book Value [ExclRevalReserve]/Share (Rs.),23.51,23.26,21.59,"246,389.58","15,029.37"
C-298,https://www.moneycontrol.com/financials/zomato/consolidated-ratiosVI/Z#Z,FR_cons,Book Value [InclRevalReserve]/Share (Rs.),23.51,23.26,21.59,"246,389.58","15,029.37"
C-298,https://www.moneycontrol.com/financials/zomato/consolidated-ratiosVI/Z#Z,FR_cons,Revenue from Operations/Share (Rs.),13.96,8.46,5.49,"64,315.77","86,824.57"
C-298,https://www.moneycontrol.com/financials/zomato/consolidated-ratiosVI/Z#Z,FR_cons,PBDIT/Share (Rs.),1.02,-0.63,-1.77,"-11,049.42","-72,223.33"
C-298,https://www.moneycontrol.com/financials/zomato/consolidated-ratiosVI/Z#Z,FR_cons,PBIT/Share (Rs.),0.42,-1.15,-1.97,"-15,492.77","-75,031.20"
C-298,https://www.moneycontrol.com/financials/zomato/consolidated-ratiosVI/Z#Z,FR_cons,PBT/Share (Rs.),0.34,-1.21,-1.60,"-26,294.32","-79,520.03"
C-298,https://www.moneycontrol.com/financials/zomato/consolidated-ratiosVI/Z#Z,FR_cons,Net Profit/Share (Rs.),0.40,-1.16,-1.60,"-26,336.39","-79,520.03"
C-298,https://www.moneycontrol.com/financials/zomato/consolidated-ratiosVI/Z#Z,FR_cons,NP After MI And SOA / Share (Rs.),0.40,-1.16,-1.58,"-26,219.87","-78,905.27"
C-298,https://www.moneycontrol.com/financials/zomato/consolidated-ratiosVI/Z#Z,FR_cons,Profitability Ratios,,,,,
C-298,https://www.moneycontrol.com/financials/zomato/consolidated-ratiosVI/Z#Z,FR_cons,PBDIT Margin (%),7.33,-7.46,-32.34,-17.17,-83.18
C-298,https://www.moneycontrol.com/financials/zomato/consolidated-ratiosVI/Z#Z,FR_cons,PBIT Margin (%),2.99,-13.64,-35.92,-24.08,-86.41
C-298,https://www.moneycontrol.com/financials/zomato/consolidated-ratiosVI/Z#Z,FR_cons,PBT Margin (%),2.40,-14.32,-29.11,-40.88,-91.58
C-298,https://www.moneycontrol.com/financials/zomato/consolidated-ratiosVI/Z#Z,FR_cons,Net Profit Margin (%),2.89,-13.71,-29.16,-40.94,-91.58
C-298,https://www.moneycontrol.com/financials/zomato/consolidated-ratiosVI/Z#Z,FR_cons,NP After MI And SOA Margin (%),2.89,-13.72,-28.83,-40.76,-90.87
C-298,https://www.moneycontrol.com/financials/zomato/consolidated-ratiosVI/Z#Z,FR_cons,Return on Networth/Equity (%),1.71,-4.99,-7.32,-10.63,-517.54
C-298,https://www.moneycontrol.com/financials/zomato/consolidated-ratiosVI/Z#Z,FR_cons,Return on Capital Employed (%),1.70,-4.79,-9.06,-5.86,-103.27
C-298,https://www.moneycontrol.com/financials/zomato/consolidated-ratiosVI/Z#Z,FR_cons,Return on Assets (%),1.50,-4.49,-6.97,-9.33,-81.61
C-298,https://www.moneycontrol.com/financials/zomato/consolidated-ratiosVI/Z#Z,FR_cons,Total Debt/Equity (X),0.00,0.00,0.00,0.00,0.00
C-298,https://www.moneycontrol.com/financials/zomato/consolidated-ratiosVI/Z#Z,FR_cons,Asset Turnover Ratio (%),0.54,0.36,0.32,22.90,89.80
C-298,https://www.moneycontrol.com/financials/zomato/consolidated-ratiosVI/Z#Z,FR_cons,Liquidity Ratios,,,,,
C-298,https://www.moneycontrol.com/financials/zomato/consolidated-ratiosVI/Z#Z,FR_cons,Current Ratio (X),2.62,7.52,10.60,8.02,1.75
C-298,https://www.moneycontrol.com/financials/zomato/consolidated-ratiosVI/Z#Z,FR_cons,Quick Ratio (X),2.58,7.46,10.55,7.99,1.75
C-298,https://www.moneycontrol.com/financials/zomato/consolidated-ratiosVI/Z#Z,FR_cons,Inventory Turnover Ratio (X),0.00,0.00,0.00,134.74,698.88
C-298,https://www.moneycontrol.com/financials/zomato/consolidated-ratiosVI/Z#Z,FR_cons,Dividend Payout Ratio (NP) (%),0.00,0.00,0.00,0.00,0.00
C-298,https://www.moneycontrol.com/financials/zomato/consolidated-ratiosVI/Z#Z,FR_cons,Dividend Payout Ratio (CP) (%),0.00,0.00,0.00,0.00,0.00
C-298,https://www.moneycontrol.com/financials/zomato/consolidated-ratiosVI/Z#Z,FR_cons,Earnings Retention Ratio (%),0.00,0.00,0.00,0.00,0.00
C-298,https://www.moneycontrol.com/financials/zomato/consolidated-ratiosVI/Z#Z,FR_cons,Cash Earnings Retention Ratio (%),0.00,0.00,0.00,0.00,0.00
C-298,https://www.moneycontrol.com/financials/zomato/consolidated-ratiosVI/Z#Z,FR_cons,Coverage Ratios,,,,,
C-298,https://www.moneycontrol.com/financials/zomato/consolidated-ratiosVI/Z#Z,FR_cons,Interest Coverage Ratios (%),12.35,-10.86,-112.99,-47.64,-178.14
C-298,https://www.moneycontrol.com/financials/zomato/consolidated-ratiosVI/Z#Z,FR_cons,Interest Coverage Ratios (Post Tax) (%),12.35,-10.86,-112.99,-47.64,-178.14
C-298,https://www.moneycontrol.com/financials/zomato/consolidated-ratiosVI/Z#Z,FR_cons,Valuation Ratios,,,,,
C-298,https://www.moneycontrol.com/financials/zomato/consolidated-ratiosVI/Z#Z,FR_cons,Enterprise Value (Cr.),"157,541.80","41,639.84","61,319.79",0.00,0.00
C-298,https://www.moneycontrol.com/financials/zomato/consolidated-ratiosVI/Z#Z,FR_cons,EV/Net Operating Revenue (X),13.00,5.88,14.63,0.00,0.00
C-298,https://www.moneycontrol.com/financials/zomato/consolidated-ratiosVI/Z#Z,FR_cons,EV/EBITDA (X),177.21,-78.74,-45.22,0.00,0.00
C-298,https://www.moneycontrol.com/financials/zomato/consolidated-ratiosVI/Z#Z,FR_cons,MarketCap/Net Operating Revenue (X),13.07,6.02,15.00,0.00,0.00
C-298,https://www.moneycontrol.com/financials/zomato/consolidated-ratiosVI/Z#Z,FR_cons,Retention Ratios (%),0.00,0.00,0.00,0.00,0.00
C-298,https://www.moneycontrol.com/financials/zomato/consolidated-ratiosVI/Z#Z,FR_cons,Price/BV (X),7.75,2.19,3.81,0.00,0.00
C-298,https://www.moneycontrol.com/financials/zomato/consolidated-ratiosVI/Z#Z,FR_cons,Price/Net Operating Revenue,13.07,6.02,15.00,0.00,0.00
C-298,https://www.moneycontrol.com/financials/zomato/consolidated-ratiosVI/Z#Z,FR_cons,Earnings Yield,0.00,-0.02,-0.02,0.00,0.00
C-413,https://www.moneycontrol.com/financials/one97communicationspaytm/balance-sheetVI/OC03#OC03,BS,Balance Sheet of One 97 Communications Paytm(in Rs. Cr.),Mar 25,Mar 24,Mar 23,Mar 22,
C-413,https://www.moneycontrol.com/financials/one97communicationspaytm/balance-sheetVI/OC03#OC03,BS,,12 mths,12 mths,12 mths,12 mths,
C-413,https://www.moneycontrol.com/financials/one97communicationspaytm/balance-sheetVI/OC03#OC03,BS,EQUITIES AND LIABILITIES,,,,,
C-413,https://www.moneycontrol.com/financials/one97communicationspaytm/balance-sheetVI/OC03#OC03,BS,SHAREHOLDER'S FUNDS,,,,,
C-413,https://www.moneycontrol.com/financials/one97communicationspaytm/balance-sheetVI/OC03#OC03,BS,Equity Share Capital,63.80,63.60,63.40,64.90,
C-413,https://www.moneycontrol.com/financials/one97communicationspaytm/balance-sheetVI/OC03#OC03,BS,Total Share Capital,63.80,63.60,63.40,64.90,
C-413,https://www.moneycontrol.com/financials/one97communicationspaytm/balance-sheetVI/OC03#OC03,BS,Reserves and Surplus,"12,810.40","8,632.10","12,223.20","12,689.10",
C-413,https://www.moneycontrol.com/financials/one97communicationspaytm/balance-sheetVI/OC03#OC03,BS,Total Reserves and Surplus,"12,810.40","8,632.10","12,223.20","12,689.10",
C-413,https://www.moneycontrol.com/financials/one97communicationspaytm/balance-sheetVI/OC03#OC03,BS,Total Shareholders Funds,"12,874.20","12,338.70","12,286.60","13,712.50",
C-413,https://www.moneycontrol.com/financials/one97communicationspaytm/balance-sheetVI/OC03#OC03,BS,NON-CURRENT LIABILITIES,,,,,
C-413,https://www.moneycontrol.com/financials/one97communicationspaytm/balance-sheetVI/OC03#OC03,BS,Long Term Borrowings,0.00,0.00,0.00,0.00,
C-413,https://www.moneycontrol.com/financials/one97communicationspaytm/balance-sheetVI/OC03#OC03,BS,Deferred Tax Liabilities [Net],0.00,0.00,0.00,0.00,
C-413,https://www.moneycontrol.com/financials/one97communicationspaytm/balance-sheetVI/OC03#OC03,BS,Other Long Term Liabilities,173.20,216.50,416.60,488.90,
C-413,https://www.moneycontrol.com/financials/one97communicationspaytm/balance-sheetVI/OC03#OC03,BS,Long Term Provisions,74.80,86.40,53.30,23.50,
C-413,https://www.moneycontrol.com/financials/one97communicationspaytm/balance-sheetVI/OC03#OC03,BS,Total Non-Current Liabilities,248.00,302.90,469.90,512.40,
C-413,https://www.moneycontrol.com/financials/one97communicationspaytm/balance-sheetVI/OC03#OC03,BS,CURRENT LIABILITIES,,,,,
C-413,https://www.moneycontrol.com/financials/one97communicationspaytm/balance-sheetVI/OC03#OC03,BS,Short Term Borrowings,0.00,0.00,0.00,0.00,
C-413,https://www.moneycontrol.com/financials/one97communicationspaytm/balance-sheetVI/OC03#OC03,BS,Trade Payables,618.60,564.50,783.40,710.70,
C-413,https://www.moneycontrol.com/financials/one97communicationspaytm/balance-sheetVI/OC03#OC03,BS,Other Current Liabilities,"3,508.70","1,553.50","1,957.10","1,349.20",
C-413,https://www.moneycontrol.com/financials/one97communicationspaytm/balance-sheetVI/OC03#OC03,BS,Short Term Provisions,191.80,228.90,139.30,71.80,
C-413,https://www.moneycontrol.com/financials/one97communicationspaytm/balance-sheetVI/OC03#OC03,BS,Total Current Liabilities,"4,319.10","2,346.90","2,879.80","2,131.70",
C-413,https://www.moneycontrol.com/financials/one97communicationspaytm/balance-sheetVI/OC03#OC03,BS,Total Capital And Liabilities,"17,441.30","14,988.80","15,636.40","16,356.60",
C-413,https://www.moneycontrol.com/financials/one97communicationspaytm/balance-sheetVI/OC03#OC03,BS,ASSETS,,,,,
C-413,https://www.moneycontrol.com/financials/one97communicationspaytm/balance-sheetVI/OC03#OC03,BS,NON-CURRENT ASSETS,,,,,
C-413,https://www.moneycontrol.com/financials/one97communicationspaytm/balance-sheetVI/OC03#OC03,BS,Tangible Assets,853.30,"1,152.60","1,093.30",821.70,
C-413,https://www.moneycontrol.com/financials/one97communicationspaytm/balance-sheetVI/OC03#OC03,BS,Intangible Assets,17.70,30.00,43.80,8.30,
C-413,https://www.moneycontrol.com/financials/one97communicationspaytm/balance-sheetVI/OC03#OC03,BS,Capital Work-In-Progress,4.20,9.70,7.10,9.70,
C-413,https://www.moneycontrol.com/financials/one97communicationspaytm/balance-sheetVI/OC03#OC03,BS,Other Assets,0.00,0.00,0.00,0.00,
C-413,https://www.moneycontrol.com/financials/one97communicationspaytm/balance-sheetVI/OC03#OC03,BS,Fixed Assets,875.20,"1,193.30","1,144.60",841.20,
C-413,https://www.moneycontrol.com/financials/one97communicationspaytm/balance-sheetVI/OC03#OC03,BS,Non-Current Investments,"3,578.40","2,108.90","1,443.90","1,305.30",
C-413,https://www.moneycontrol.com/financials/one97communicationspaytm/balance-sheetVI/OC03#OC03,BS,Deferred Tax Assets [Net],0.00,0.00,0.00,0.00,
C-413,https://www.moneycontrol.com/financials/one97communicationspaytm/balance-sheetVI/OC03#OC03,BS,Long Term Loans And Advances,187.10,171.20,153.60,168.10,
C-413,https://www.moneycontrol.com/financials/one97communicationspaytm/balance-sheetVI/OC03#OC03,BS,Other Non-Current Assets,669.40,"1,290.90","1,076.60","4,864.70",
C-413,https://www.moneycontrol.com/financials/one97communicationspaytm/balance-sheetVI/OC03#OC03,BS,Total Non-Current Assets,"5,310.10","4,764.30","3,818.70","7,179.30",
C-413,https://www.moneycontrol.com/financials/one97communicationspaytm/balance-sheetVI/OC03#OC03,BS,CURRENT ASSETS,,,,,
C-413,https://www.moneycontrol.com/financials/one97communicationspaytm/balance-sheetVI/OC03#OC03,BS,Current Investments,"1,493.40","2,227.70","1,049.50",0.00,
C-413,https://www.moneycontrol.com/financials/one97communicationspaytm/balance-sheetVI/OC03#OC03,BS,Inventories,0.00,0.00,0.00,0.00,
C-413,https://www.moneycontrol.com/financials/one97communicationspaytm/balance-sheetVI/OC03#OC03,BS,Trade Receivables,"1,229.00","1,470.10","1,142.10",705.90,
C-413,https://www.moneycontrol.com/financials/one97communicationspaytm/balance-sheetVI/OC03#OC03,BS,Cash And Cash Equivalents,"7,401.00","4,147.80","6,312.10","4,835.40",
C-413,https://www.moneycontrol.com/financials/one97communicationspaytm/balance-sheetVI/OC03#OC03,BS,Short Term Loans And Advances,91.00,5.20,37.00,51.40,
C-413,https://www.moneycontrol.com/financials/one97communicationspaytm/balance-sheetVI/OC03#OC03,BS,OtherCurrentAssets,"1,916.80","2,373.70","3,277.00","3,584.60",
C-413,https://www.moneycontrol.com/financials/one97communicationspaytm/balance-sheetVI/OC03#OC03,BS,Total Current Assets,"12,131.20","10,224.50","11,817.70","9,177.30",
C-413,https://www.moneycontrol.com/financials/one97communicationspaytm/balance-sheetVI/OC03#OC03,BS,Total Assets,"17,441.30","14,988.80","15,636.40","16,356.60",
C-413,https://www.moneycontrol.com/financials/one97communicationspaytm/balance-sheetVI/OC03#OC03,BS,OTHER ADDITIONAL INFORMATION,,,,,
C-413,https://www.moneycontrol.com/financials/one97communicationspaytm/balance-sheetVI/OC03#OC03,BS,"CONTINGENT LIABILITIES, COMMITMENTS",,,,,
C-413,https://www.moneycontrol.com/financials/one97communicationspaytm/balance-sheetVI/OC03#OC03,BS,Contingent Liabilities,0.00,178.00,318.60,357.00,
C-413,https://www.moneycontrol.com/financials/one97communicationspaytm/balance-sheetVI/OC03#OC03,BS,CIF VALUE OF IMPORTS,,,,,
C-413,https://www.moneycontrol.com/financials/one97communicationspaytm/balance-sheetVI/OC03#OC03,BS,Raw Materials,0.00,0.00,0.00,0.00,
C-413,https://www.moneycontrol.com/financials/one97communicationspaytm/balance-sheetVI/OC03#OC03,BS,"Stores, Spares And Loose Tools",0.00,0.00,0.00,0.00,
C-413,https://www.moneycontrol.com/financials/one97communicationspaytm/balance-sheetVI/OC03#OC03,BS,Trade/Other Goods,0.00,0.00,0.00,0.00,
C-413,https://www.moneycontrol.com/financials/one97communicationspaytm/balance-sheetVI/OC03#OC03,BS,Capital Goods,0.00,0.00,0.00,0.00,
C-413,https://www.moneycontrol.com/financials/one97communicationspaytm/balance-sheetVI/OC03#OC03,BS,EXPENDITURE IN FOREIGN EXCHANGE,,,,,
C-413,https://www.moneycontrol.com/financials/one97communicationspaytm/balance-sheetVI/OC03#OC03,BS,Expenditure In Foreign Currency,0.00,207.18,405.09,514.94,
C-413,https://www.moneycontrol.com/financials/one97communicationspaytm/balance-sheetVI/OC03#OC03,BS,REMITTANCES IN FOREIGN CURRENCIES FOR DIVIDENDS,,,,,
C-413,https://www.moneycontrol.com/financials/one97communicationspaytm/balance-sheetVI/OC03#OC03,BS,Dividend Remittance In Foreign Currency,--,--,--,--,
C-413,https://www.moneycontrol.com/financials/one97communicationspaytm/balance-sheetVI/OC03#OC03,BS,EARNINGS IN FOREIGN EXCHANGE,,,,,
C-413,https://www.moneycontrol.com/financials/one97communicationspaytm/balance-sheetVI/OC03#OC03,BS,FOB Value Of Goods,--,--,--,--,
C-413,https://www.moneycontrol.com/financials/one97communicationspaytm/balance-sheetVI/OC03#OC03,BS,Other Earnings,--,53.48,30.90,41.68,
C-413,https://www.moneycontrol.com/financials/one97communicationspaytm/balance-sheetVI/OC03#OC03,BS,BONUS DETAILS,,,,,
C-413,https://www.moneycontrol.com/financials/one97communicationspaytm/balance-sheetVI/OC03#OC03,BS,Bonus Equity Share Capital,--,--,--,--,
C-413,https://www.moneycontrol.com/financials/one97communicationspaytm/balance-sheetVI/OC03#OC03,BS,NON-CURRENT INVESTMENTS,,,,,
C-413,https://www.moneycontrol.com/financials/one97communicationspaytm/balance-sheetVI/OC03#OC03,BS,Non-Current Investments Quoted Market Value,--,"3,045.70","1,137.90",--,
C-413,https://www.moneycontrol.com/financials/one97communicationspaytm/balance-sheetVI/OC03#OC03,BS,Non-Current Investments Unquoted Book Value,--,94.10,69.80,193.20,
C-413,https://www.moneycontrol.com/financials/one97communicationspaytm/balance-sheetVI/OC03#OC03,BS,CURRENT INVESTMENTS,,,,,
C-413,https://www.moneycontrol.com/financials/one97communicationspaytm/balance-sheetVI/OC03#OC03,BS,Current Investments Quoted Market Value,--,--,--,--,
C-413,https://www.moneycontrol.com/financials/one97communicationspaytm/balance-sheetVI/OC03#OC03,BS,Current Investments Unquoted Book Value,--,--,--,--,
C-413,https://www.moneycontrol.com/financials/one97communicationspaytm/consolidated-balance-sheetVI/OC03#OC03,BS_cons,Balance Sheet of One 97 Communications Paytm(in Rs. Cr.),Mar 24,Mar 23,Mar 22,Mar 21,
C-413,https://www.moneycontrol.com/financials/one97communicationspaytm/consolidated-balance-sheetVI/OC03#OC03,BS_cons,,12 mths,12 mths,12 mths,12 mths,
C-413,https://www.moneycontrol.com/financials/one97communicationspaytm/consolidated-balance-sheetVI/OC03#OC03,BS_cons,EQUITIES AND LIABILITIES,,,,,
C-413,https://www.moneycontrol.com/financials/one97communicationspaytm/consolidated-balance-sheetVI/OC03#OC03,BS_cons,SHAREHOLDER'S FUNDS,,,,,
C-413,https://www.moneycontrol.com/financials/one97communicationspaytm/consolidated-balance-sheetVI/OC03#OC03,BS_cons,Equity Share Capital,63.60,63.40,64.90,60.50,
C-413,https://www.moneycontrol.com/financials/one97communicationspaytm/consolidated-balance-sheetVI/OC03#OC03,BS_cons,Total Share Capital,63.60,63.40,64.90,60.50,
C-413,https://www.moneycontrol.com/financials/one97communicationspaytm/consolidated-balance-sheetVI/OC03#OC03,BS_cons,Reserves and Surplus,"13,262.70","12,952.10","13,084.50","6,047.70",
C-413,https://www.moneycontrol.com/financials/one97communicationspaytm/consolidated-balance-sheetVI/OC03#OC03,BS_cons,Total Reserves and Surplus,"13,262.70","12,952.10","13,084.50","6,047.70",
C-413,https://www.moneycontrol.com/financials/one97communicationspaytm/consolidated-balance-sheetVI/OC03#OC03,BS_cons,Total Shareholders Funds,"13,326.30","13,015.50","14,151.60","6,534.60",
C-413,https://www.moneycontrol.com/financials/one97communicationspaytm/consolidated-balance-sheetVI/OC03#OC03,BS_cons,Minority Interest,-28.20,-22.70,-22.10,-18.60,
C-413,https://www.moneycontrol.com/financials/one97communicationspaytm/consolidated-balance-sheetVI/OC03#OC03,BS_cons,NON-CURRENT LIABILITIES,,,,,
C-413,https://www.moneycontrol.com/financials/one97communicationspaytm/consolidated-balance-sheetVI/OC03#OC03,BS_cons,Long Term Borrowings,0.00,0.00,0.00,0.00,
C-413,https://www.moneycontrol.com/financials/one97communicationspaytm/consolidated-balance-sheetVI/OC03#OC03,BS_cons,Deferred Tax Liabilities [Net],0.00,0.00,0.20,0.60,
C-413,https://www.moneycontrol.com/financials/one97communicationspaytm/consolidated-balance-sheetVI/OC03#OC03,BS_cons,Other Long Term Liabilities,217.30,424.30,498.70,454.60,
C-413,https://www.moneycontrol.com/financials/one97communicationspaytm/consolidated-balance-sheetVI/OC03#OC03,BS_cons,Long Term Provisions,108.10,61.70,30.70,24.70,
C-413,https://www.moneycontrol.com/financials/one97communicationspaytm/consolidated-balance-sheetVI/OC03#OC03,BS_cons,Total Non-Current Liabilities,325.40,486.00,529.60,479.90,
C-413,https://www.moneycontrol.com/financials/one97communicationspaytm/consolidated-balance-sheetVI/OC03#OC03,BS_cons,CURRENT LIABILITIES,,,,,
C-413,https://www.moneycontrol.com/financials/one97communicationspaytm/consolidated-balance-sheetVI/OC03#OC03,BS_cons,Short Term Borrowings,0.00,2.00,0.10,544.90,
C-413,https://www.moneycontrol.com/financials/one97communicationspaytm/consolidated-balance-sheetVI/OC03#OC03,BS_cons,Trade Payables,684.20,858.90,751.40,605.20,
C-413,https://www.moneycontrol.com/financials/one97communicationspaytm/consolidated-balance-sheetVI/OC03#OC03,BS_cons,Other Current Liabilities,"2,559.80","3,468.50","2,498.70",962.10,
C-413,https://www.moneycontrol.com/financials/one97communicationspaytm/consolidated-balance-sheetVI/OC03#OC03,BS_cons,Short Term Provisions,271.30,157.50,82.30,43.00,
C-413,https://www.moneycontrol.com/financials/one97communicationspaytm/consolidated-balance-sheetVI/OC03#OC03,BS_cons,Total Current Liabilities,"3,515.30","4,486.90","3,332.50","2,155.20",
C-413,https://www.moneycontrol.com/financials/one97communicationspaytm/consolidated-balance-sheetVI/OC03#OC03,BS_cons,Total Capital And Liabilities,"17,139.10","17,965.80","17,991.60","9,151.30",
C-413,https://www.moneycontrol.com/financials/one97communicationspaytm/consolidated-balance-sheetVI/OC03#OC03,BS_cons,ASSETS,,,,,
C-413,https://www.moneycontrol.com/financials/one97communicationspaytm/consolidated-balance-sheetVI/OC03#OC03,BS_cons,NON-CURRENT ASSETS,,,,,
C-413,https://www.moneycontrol.com/financials/one97communicationspaytm/consolidated-balance-sheetVI/OC03#OC03,BS_cons,Tangible Assets,"1,167.00","1,117.60",856.10,427.50,
C-413,https://www.moneycontrol.com/financials/one97communicationspaytm/consolidated-balance-sheetVI/OC03#OC03,BS_cons,Intangible Assets,36.00,46.90,13.50,17.10,
C-413,https://www.moneycontrol.com/financials/one97communicationspaytm/consolidated-balance-sheetVI/OC03#OC03,BS_cons,Capital Work-In-Progress,10.00,7.20,10.20,20.80,
C-413,https://www.moneycontrol.com/financials/one97communicationspaytm/consolidated-balance-sheetVI/OC03#OC03,BS_cons,Fixed Assets,"1,216.60","1,175.90",881.60,468.20,
C-413,https://www.moneycontrol.com/financials/one97communicationspaytm/consolidated-balance-sheetVI/OC03#OC03,BS_cons,Non-Current Investments,"2,294.30","1,576.50","1,229.50",265.80,
C-413,https://www.moneycontrol.com/financials/one97communicationspaytm/consolidated-balance-sheetVI/OC03#OC03,BS_cons,Deferred Tax Assets [Net],11.90,8.50,7.00,3.50,
C-413,https://www.moneycontrol.com/financials/one97communicationspaytm/consolidated-balance-sheetVI/OC03#OC03,BS_cons,Long Term Loans And Advances,168.00,150.70,136.20,0.00,
C-413,https://www.moneycontrol.com/financials/one97communicationspaytm/consolidated-balance-sheetVI/OC03#OC03,BS_cons,Other Non-Current Assets,"1,240.30","1,020.80","4,948.00",967.30,
C-413,https://www.moneycontrol.com/financials/one97communicationspaytm/consolidated-balance-sheetVI/OC03#OC03,BS_cons,Total Non-Current Assets,"4,975.40","3,976.70","7,246.60","1,751.50",
C-413,https://www.moneycontrol.com/financials/one97communicationspaytm/consolidated-balance-sheetVI/OC03#OC03,BS_cons,CURRENT ASSETS,,,,,
C-413,https://www.moneycontrol.com/financials/one97communicationspaytm/consolidated-balance-sheetVI/OC03#OC03,BS_cons,Current Investments,"2,334.00","1,120.60",0.00,147.20,
C-413,https://www.moneycontrol.com/financials/one97communicationspaytm/consolidated-balance-sheetVI/OC03#OC03,BS_cons,Inventories,0.00,0.00,0.00,0.00,
C-413,https://www.moneycontrol.com/financials/one97communicationspaytm/consolidated-balance-sheetVI/OC03#OC03,BS_cons,Trade Receivables,"1,650.70","1,252.80",746.40,471.30,
C-413,https://www.moneycontrol.com/financials/one97communicationspaytm/consolidated-balance-sheetVI/OC03#OC03,BS_cons,Cash And Cash Equivalents,"5,246.20","7,039.50","5,202.00","2,876.40",
C-413,https://www.moneycontrol.com/financials/one97communicationspaytm/consolidated-balance-sheetVI/OC03#OC03,BS_cons,Short Term Loans And Advances,5.10,5.70,51.40,161.10,
C-413,https://www.moneycontrol.com/financials/one97communicationspaytm/consolidated-balance-sheetVI/OC03#OC03,BS_cons,OtherCurrentAssets,"2,927.70","4,570.50","4,745.20","3,743.80",
C-413,https://www.moneycontrol.com/financials/one97communicationspaytm/consolidated-balance-sheetVI/OC03#OC03,BS_cons,Total Current Assets,"12,163.70","13,989.10","10,745.00","7,399.80",
C-413,https://www.moneycontrol.com/financials/one97communicationspaytm/consolidated-balance-sheetVI/OC03#OC03,BS_cons,Total Assets,"17,139.10","17,965.80","17,991.60","9,151.30",
C-413,https://www.moneycontrol.com/financials/one97communicationspaytm/consolidated-balance-sheetVI/OC03#OC03,BS_cons,OTHER ADDITIONAL INFORMATION,,,,,
C-413,https://www.moneycontrol.com/financials/one97communicationspaytm/consolidated-balance-sheetVI/OC03#OC03,BS_cons,"CONTINGENT LIABILITIES, COMMITMENTS",,,,,
C-413,https://www.moneycontrol.com/financials/one97communicationspaytm/consolidated-balance-sheetVI/OC03#OC03,BS_cons,Contingent Liabilities,188.50,322.90,362.10,421.60,
C-413,https://www.moneycontrol.com/financials/one97communicationspaytm/consolidated-balance-sheetVI/OC03#OC03,BS_cons,BONUS DETAILS,,,,,
C-413,https://www.moneycontrol.com/financials/one97communicationspaytm/consolidated-balance-sheetVI/OC03#OC03,BS_cons,Bonus Equity Share Capital,0.00,0.00,0.00,0.00,
C-413,https://www.moneycontrol.com/financials/one97communicationspaytm/consolidated-balance-sheetVI/OC03#OC03,BS_cons,NON-CURRENT INVESTMENTS,,,,,
C-413,https://www.moneycontrol.com/financials/one97communicationspaytm/consolidated-balance-sheetVI/OC03#OC03,BS_cons,Non-Current Investments Quoted Market Value,"3,152.00","1,155.80",0.00,0.00,
C-413,https://www.moneycontrol.com/financials/one97communicationspaytm/consolidated-balance-sheetVI/OC03#OC03,BS_cons,Non-Current Investments Unquoted Book Value,"1,442.50","1,289.50",223.30,34.10,
C-413,https://www.moneycontrol.com/financials/one97communicationspaytm/consolidated-balance-sheetVI/OC03#OC03,BS_cons,CURRENT INVESTMENTS,,,,,
C-413,https://www.moneycontrol.com/financials/one97communicationspaytm/consolidated-balance-sheetVI/OC03#OC03,BS_cons,Current Investments Quoted Market Value,0.00,0.00,0.00,147.20,
C-413,https://www.moneycontrol.com/financials/one97communicationspaytm/consolidated-balance-sheetVI/OC03#OC03,BS_cons,Current Investments Unquoted Book Value,0.00,0.00,0.00,0.00,
C-413,https://www.moneycontrol.com/financials/one97communicationspaytm/profit-lossVI/OC03#OC03,P&L,Profit & Loss account of One 97 Communications Paytm(in Rs. Cr.),Mar 25,Mar 24,Mar 23,Mar 22,
C-413,https://www.moneycontrol.com/financials/one97communicationspaytm/profit-lossVI/OC03#OC03,P&L,,12 mths,12 mths,12 mths,12 mths,
C-413,https://www.moneycontrol.com/financials/one97communicationspaytm/profit-lossVI/OC03#OC03,P&L,INCOME,,,,,
C-413,https://www.moneycontrol.com/financials/one97communicationspaytm/profit-lossVI/OC03#OC03,P&L,Revenue From Operations [Gross],"5,504.80","7,552.90","5,941.80","3,880.70",
C-413,https://www.moneycontrol.com/financials/one97communicationspaytm/profit-lossVI/OC03#OC03,P&L,Less: Excise/Sevice Tax/Other Levies,0.00,0.00,0.00,0.00,
C-413,https://www.moneycontrol.com/financials/one97communicationspaytm/profit-lossVI/OC03#OC03,P&L,Revenue From Operations [Net],"5,504.80","7,552.90","5,941.80","3,880.70",
C-413,https://www.moneycontrol.com/financials/one97communicationspaytm/profit-lossVI/OC03#OC03,P&L,Total Operating Revenues,"5,504.80","7,660.80","6,027.70","3,892.40",
C-413,https://www.moneycontrol.com/financials/one97communicationspaytm/profit-lossVI/OC03#OC03,P&L,Other Income,636.70,524.40,399.40,283.00,
C-413,https://www.moneycontrol.com/financials/one97communicationspaytm/profit-lossVI/OC03#OC03,P&L,Total Revenue,"6,141.50","8,185.20","6,427.10","4,175.40",
C-413,https://www.moneycontrol.com/financials/one97communicationspaytm/profit-lossVI/OC03#OC03,P&L,EXPENSES,,,,,
C-413,https://www.moneycontrol.com/financials/one97communicationspaytm/profit-lossVI/OC03#OC03,P&L,Cost Of Materials Consumed,0.00,0.00,0.00,0.00,
C-413,https://www.moneycontrol.com/financials/one97communicationspaytm/profit-lossVI/OC03#OC03,P&L,Purchase Of Stock-In Trade,0.00,0.00,0.00,0.00,
C-413,https://www.moneycontrol.com/financials/one97communicationspaytm/profit-lossVI/OC03#OC03,P&L,Operating And Direct Expenses,0.00,"3,254.50","3,320.10","3,227.80",
C-413,https://www.moneycontrol.com/financials/one97communicationspaytm/profit-lossVI/OC03#OC03,P&L,"Changes In Inventories Of FG,WIP And Stock-In Trade",0.00,0.00,0.00,0.00,
C-413,https://www.moneycontrol.com/financials/one97communicationspaytm/profit-lossVI/OC03#OC03,P&L,Employee Benefit Expenses,"2,702.00","4,030.10","3,258.40","1,907.20",
C-413,https://www.moneycontrol.com/financials/one97communicationspaytm/profit-lossVI/OC03#OC03,P&L,Finance Costs,15.50,23.30,21.90,38.10,
C-413,https://www.moneycontrol.com/financials/one97communicationspaytm/profit-lossVI/OC03#OC03,P&L,Depreciation And Amortisation Expenses,657.50,721.10,469.60,228.20,
C-413,https://www.moneycontrol.com/financials/one97communicationspaytm/profit-lossVI/OC03#OC03,P&L,Other Expenses,"4,283.90","1,415.10","1,149.90","1,054.80",
C-413,https://www.moneycontrol.com/financials/one97communicationspaytm/profit-lossVI/OC03#OC03,P&L,Total Expenses,"7,658.90","9,444.10","8,219.90","6,456.10",
C-413,https://www.moneycontrol.com/financials/one97communicationspaytm/profit-lossVI/OC03#OC03,P&L,"Profit/Loss Before Exceptional, ExtraOrdinary Items And Tax","-1,517.40","-1,258.90","-1,792.80","-2,280.70",
C-413,https://www.moneycontrol.com/financials/one97communicationspaytm/profit-lossVI/OC03#OC03,P&L,Exceptional Items,728.40,-217.30,-63.00,-44.10,
C-413,https://www.moneycontrol.com/financials/one97communicationspaytm/profit-lossVI/OC03#OC03,P&L,Profit/Loss Before Tax,-789.00,"-1,476.20","-1,855.80","-2,324.80",
C-413,https://www.moneycontrol.com/financials/one97communicationspaytm/profit-lossVI/OC03#OC03,P&L,Tax Expenses-Continued Operations,,,,,
C-413,https://www.moneycontrol.com/financials/one97communicationspaytm/profit-lossVI/OC03#OC03,P&L,Current Tax,0.00,0.00,0.00,0.30,
C-413,https://www.moneycontrol.com/financials/one97communicationspaytm/profit-lossVI/OC03#OC03,P&L,Less: MAT Credit Entitlement,0.00,0.00,0.00,0.00,
C-413,https://www.moneycontrol.com/financials/one97communicationspaytm/profit-lossVI/OC03#OC03,P&L,Deferred Tax,0.00,0.00,0.00,0.00,
C-413,https://www.moneycontrol.com/financials/one97communicationspaytm/profit-lossVI/OC03#OC03,P&L,Tax For Earlier Years,0.00,0.00,0.00,0.00,
C-413,https://www.moneycontrol.com/financials/one97communicationspaytm/profit-lossVI/OC03#OC03,P&L,Total Tax Expenses,0.00,0.00,0.00,0.30,
C-413,https://www.moneycontrol.com/financials/one97communicationspaytm/profit-lossVI/OC03#OC03,P&L,Profit/Loss After Tax And Before ExtraOrdinary Items,-789.00,"-1,476.20","-1,855.80","-2,325.10",
C-413,https://www.moneycontrol.com/financials/one97communicationspaytm/profit-lossVI/OC03#OC03,P&L,Profit/Loss From Continuing Operations,-789.00,"-1,476.20","-1,855.80","-2,325.10",
C-413,https://www.moneycontrol.com/financials/one97communicationspaytm/profit-lossVI/OC03#OC03,P&L,Profit/Loss For The Period,-789.00,"-1,476.20","-1,855.80","-2,325.10",
C-413,https://www.moneycontrol.com/financials/one97communicationspaytm/profit-lossVI/OC03#OC03,P&L,OTHER ADDITIONAL INFORMATION,,,,,
C-413,https://www.moneycontrol.com/financials/one97communicationspaytm/profit-lossVI/OC03#OC03,P&L,EARNINGS PER SHARE,,,,,
C-413,https://www.moneycontrol.com/financials/one97communicationspaytm/profit-lossVI/OC03#OC03,P&L,Basic EPS (Rs.),-12.39,-23.00,-29.00,-37.00,
C-413,https://www.moneycontrol.com/financials/one97communicationspaytm/profit-lossVI/OC03#OC03,P&L,Diluted EPS (Rs.),-12.39,-23.00,-29.00,-37.00,
C-413,https://www.moneycontrol.com/financials/one97communicationspaytm/profit-lossVI/OC03#OC03,P&L,"VALUE OF IMPORTED AND INDIGENIOUS RAW MATERIALS STORES, SPARES AND LOOSE TOOLS",,,,,
C-413,https://www.moneycontrol.com/financials/one97communicationspaytm/profit-lossVI/OC03#OC03,P&L,Imported Raw Materials,0.00,0.00,0.00,0.00,
C-413,https://www.moneycontrol.com/financials/one97communicationspaytm/profit-lossVI/OC03#OC03,P&L,Indigenous Raw Materials,0.00,0.00,0.00,0.00,
C-413,https://www.moneycontrol.com/financials/one97communicationspaytm/profit-lossVI/OC03#OC03,P&L,"STORES, SPARES AND LOOSE TOOLS",,,,,
C-413,https://www.moneycontrol.com/financials/one97communicationspaytm/profit-lossVI/OC03#OC03,P&L,Imported Stores And Spares,0.00,0.00,0.00,0.00,
C-413,https://www.moneycontrol.com/financials/one97communicationspaytm/profit-lossVI/OC03#OC03,P&L,Indigenous Stores And Spares,0.00,0.00,0.00,0.00,
C-413,https://www.moneycontrol.com/financials/one97communicationspaytm/profit-lossVI/OC03#OC03,P&L,DIVIDEND AND DIVIDEND PERCENTAGE,,,,,
C-413,https://www.moneycontrol.com/financials/one97communicationspaytm/profit-lossVI/OC03#OC03,P&L,Equity Share Dividend,0.00,0.00,0.00,0.00,
C-413,https://www.moneycontrol.com/financials/one97communicationspaytm/profit-lossVI/OC03#OC03,P&L,Tax On Dividend,0.00,0.00,0.00,0.00,
C-413,https://www.moneycontrol.com/financials/one97communicationspaytm/profit-lossVI/OC03#OC03,P&L,Equity Dividend Rate (%),0.00,0.00,0.00,0.00,
C-413,https://www.moneycontrol.com/financials/one97communicationspaytm/consolidated-profit-lossVI/OC03#OC03,P&L_cons,Profit & Loss account of One 97 Communications Paytm(in Rs. Cr.),Mar 25,Mar 24,Mar 23,Mar 22,Mar 21
C-413,https://www.moneycontrol.com/financials/one97communicationspaytm/consolidated-profit-lossVI/OC03#OC03,P&L_cons,,12 mths,12 mths,12 mths,12 mths,12 mths
C-413,https://www.moneycontrol.com/financials/one97communicationspaytm/consolidated-profit-lossVI/OC03#OC03,P&L_cons,INCOME,,,,,
C-413,https://www.moneycontrol.com/financials/one97communicationspaytm/consolidated-profit-lossVI/OC03#OC03,P&L_cons,Revenue From Operations [Gross],"6,900.40","9,869.90","7,904.40","4,962.50","2,802.40"
C-413,https://www.moneycontrol.com/financials/one97communicationspaytm/consolidated-profit-lossVI/OC03#OC03,P&L_cons,Less: Excise/Sevice Tax/Other Levies,0.00,0.00,0.00,0.00,0.00
C-413,https://www.moneycontrol.com/financials/one97communicationspaytm/consolidated-profit-lossVI/OC03#OC03,P&L_cons,Revenue From Operations [Net],"6,900.40","9,869.90","7,904.40","4,962.50","2,802.40"
C-413,https://www.moneycontrol.com/financials/one97communicationspaytm/consolidated-profit-lossVI/OC03#OC03,P&L_cons,Total Operating Revenues,"6,900.40","9,977.80","7,990.30","4,974.20","2,802.40"
C-413,https://www.moneycontrol.com/financials/one97communicationspaytm/consolidated-profit-lossVI/OC03#OC03,P&L_cons,Other Income,724.50,546.90,409.70,290.10,384.40
C-413,https://www.moneycontrol.com/financials/one97communicationspaytm/consolidated-profit-lossVI/OC03#OC03,P&L_cons,Total Revenue,"7,624.90","10,524.70","8,400.00","5,264.30","3,186.80"
C-413,https://www.moneycontrol.com/financials/one97communicationspaytm/consolidated-profit-lossVI/OC03#OC03,P&L_cons,EXPENSES,,,,,
C-413,https://www.moneycontrol.com/financials/one97communicationspaytm/consolidated-profit-lossVI/OC03#OC03,P&L_cons,Cost Of Materials Consumed,0.00,0.00,0.00,0.00,0.00
C-413,https://www.moneycontrol.com/financials/one97communicationspaytm/consolidated-profit-lossVI/OC03#OC03,P&L_cons,Purchase Of Stock-In Trade,0.00,0.00,0.00,0.00,0.00
C-413,https://www.moneycontrol.com/financials/one97communicationspaytm/consolidated-profit-lossVI/OC03#OC03,P&L_cons,Operating And Direct Expenses,0.00,"4,845.40","4,728.00","4,109.10","2,799.10"
C-413,https://www.moneycontrol.com/financials/one97communicationspaytm/consolidated-profit-lossVI/OC03#OC03,P&L_cons,Changes In Inventories Of FGWIP And Stock In Trade,0.00,0.00,0.00,0.00,0.00
C-413,https://www.moneycontrol.com/financials/one97communicationspaytm/consolidated-profit-lossVI/OC03#OC03,P&L_cons,Employee Benefit Expenses,"3,288.10","4,589.20","3,778.30","2,431.90","1,184.90"
C-413,https://www.moneycontrol.com/financials/one97communicationspaytm/consolidated-profit-lossVI/OC03#OC03,P&L_cons,Finance Costs,16.40,24.30,23.30,39.40,34.80
C-413,https://www.moneycontrol.com/financials/one97communicationspaytm/consolidated-profit-lossVI/OC03#OC03,P&L_cons,Depreciation And Amortisation Expenses,672.60,735.70,485.30,247.30,178.50
C-413,https://www.moneycontrol.com/financials/one97communicationspaytm/consolidated-profit-lossVI/OC03#OC03,P&L_cons,Other Expenses,"5,118.80","1,450.00","1,115.50",773.40,585.70
C-413,https://www.moneycontrol.com/financials/one97communicationspaytm/consolidated-profit-lossVI/OC03#OC03,P&L_cons,Total Expenses,"9,095.90","11,871.70","10,130.40","7,601.10","4,783.00"
C-413,https://www.moneycontrol.com/financials/one97communicationspaytm/consolidated-profit-lossVI/OC03#OC03,P&L_cons,"Profit/Loss Before Exceptional, ExtraOrdinary Items And Tax","-1,471.00","-1,347.00","-1,730.40","-2,336.80","-1,596.20"
C-413,https://www.moneycontrol.com/financials/one97communicationspaytm/consolidated-profit-lossVI/OC03#OC03,P&L_cons,Exceptional Items,823.30,-5.70,0.00,-2.40,-28.10
C-413,https://www.moneycontrol.com/financials/one97communicationspaytm/consolidated-profit-lossVI/OC03#OC03,P&L_cons,Profit/Loss Before Tax,-647.70,"-1,352.70","-1,730.40","-2,339.20","-1,624.30"
C-413,https://www.moneycontrol.com/financials/one97communicationspaytm/consolidated-profit-lossVI/OC03#OC03,P&L_cons,Tax Expenses-Continued Operations,,,,,
C-413,https://www.moneycontrol.com/financials/one97communicationspaytm/consolidated-profit-lossVI/OC03#OC03,P&L_cons,Current Tax,18.00,35.80,35.10,15.10,3.40
C-413,https://www.moneycontrol.com/financials/one97communicationspaytm/consolidated-profit-lossVI/OC03#OC03,P&L_cons,Less: MAT Credit Entitlement,0.00,0.00,0.00,0.00,0.00
C-413,https://www.moneycontrol.com/financials/one97communicationspaytm/consolidated-profit-lossVI/OC03#OC03,P&L_cons,Deferred Tax,0.00,-3.00,-1.50,-3.80,-0.70
C-413,https://www.moneycontrol.com/financials/one97communicationspaytm/consolidated-profit-lossVI/OC03#OC03,P&L_cons,Other Direct Taxes,0.00,0.00,0.00,0.00,0.00
C-413,https://www.moneycontrol.com/financials/one97communicationspaytm/consolidated-profit-lossVI/OC03#OC03,P&L_cons,Total Tax Expenses,18.00,32.00,33.60,11.30,2.70
C-413,https://www.moneycontrol.com/financials/one97communicationspaytm/consolidated-profit-lossVI/OC03#OC03,P&L_cons,Profit/Loss After Tax And Before ExtraOrdinary Items,-665.70,"-1,384.70","-1,764.00","-2,350.50","-1,627.00"
C-413,https://www.moneycontrol.com/financials/one97communicationspaytm/consolidated-profit-lossVI/OC03#OC03,P&L_cons,Profit/Loss From Continuing Operations,-665.70,"-1,384.70","-1,764.00","-2,350.50","-1,627.00"
C-413,https://www.moneycontrol.com/financials/one97communicationspaytm/consolidated-profit-lossVI/OC03#OC03,P&L_cons,Profit/Loss For The Period,-665.70,"-1,384.70","-1,764.00","-2,350.50","-1,627.00"
C-413,https://www.moneycontrol.com/financials/one97communicationspaytm/consolidated-profit-lossVI/OC03#OC03,P&L_cons,Minority Interest,4.50,5.40,0.60,3.50,4.90
C-413,https://www.moneycontrol.com/financials/one97communicationspaytm/consolidated-profit-lossVI/OC03#OC03,P&L_cons,Consolidated Profit/Loss After MI And Associates,-658.70,"-1,417.00","-1,775.90","-2,392.90","-1,696.10"
C-413,https://www.moneycontrol.com/financials/one97communicationspaytm/consolidated-profit-lossVI/OC03#OC03,P&L_cons,OTHER ADDITIONAL INFORMATION,,,,,
C-413,https://www.moneycontrol.com/financials/one97communicationspaytm/consolidated-profit-lossVI/OC03#OC03,P&L_cons,EARNINGS PER SHARE,,,,,
C-413,https://www.moneycontrol.com/financials/one97communicationspaytm/consolidated-profit-lossVI/OC03#OC03,P&L_cons,Basic EPS (Rs.),-10.00,-22.00,-27.00,-38.00,-281.00
C-413,https://www.moneycontrol.com/financials/one97communicationspaytm/consolidated-profit-lossVI/OC03#OC03,P&L_cons,Diluted EPS (Rs.),-10.00,-22.00,-27.00,-38.00,-281.00
C-413,https://www.moneycontrol.com/financials/one97communicationspaytm/consolidated-profit-lossVI/OC03#OC03,P&L_cons,DIVIDEND AND DIVIDEND PERCENTAGE,,,,,
C-413,https://www.moneycontrol.com/financials/one97communicationspaytm/consolidated-profit-lossVI/OC03#OC03,P&L_cons,Equity Share Dividend,0.00,0.00,0.00,0.00,0.00
C-413,https://www.moneycontrol.com/financials/one97communicationspaytm/consolidated-profit-lossVI/OC03#OC03,P&L_cons,Tax On Dividend,0.00,0.00,0.00,0.00,0.00
C-413,https://www.moneycontrol.com/financials/one97communicationspaytm/cash-flowVI/OC03#OC03,CF,Cash Flow of One 97 Communications Paytm(in Rs. Cr.),Mar 24,Mar 23,Mar 22,,
C-413,https://www.moneycontrol.com/financials/one97communicationspaytm/cash-flowVI/OC03#OC03,CF,,12 mths,12 mths,12 mths,,
C-413,https://www.moneycontrol.com/financials/one97communicationspaytm/cash-flowVI/OC03#OC03,CF,Net Profit/Loss Before Extraordinary Items And Tax,"-1,476.20","-1,855.80","-2,324.80",,
C-413,https://www.moneycontrol.com/financials/one97communicationspaytm/cash-flowVI/OC03#OC03,CF,Net CashFlow From Operating Activities,225.10,91.60,"-1,318.00",,
C-413,https://www.moneycontrol.com/financials/one97communicationspaytm/cash-flowVI/OC03#OC03,CF,Net Cash Used In Investing Activities,607.90,"2,945.90","-5,471.90",,
C-413,https://www.moneycontrol.com/financials/one97communicationspaytm/cash-flowVI/OC03#OC03,CF,Net Cash Used From Financing Activities,7.20,"-1,101.00","8,062.40",,
C-413,https://www.moneycontrol.com/financials/one97communicationspaytm/cash-flowVI/OC03#OC03,CF,Foreign Exchange Gains / Losses,0.00,0.00,0.00,,
C-413,https://www.moneycontrol.com/financials/one97communicationspaytm/cash-flowVI/OC03#OC03,CF,Adjustments On Amalgamation Merger Demerger Others,0.00,0.00,0.00,,
C-413,https://www.moneycontrol.com/financials/one97communicationspaytm/cash-flowVI/OC03#OC03,CF,Net Inc/Dec In Cash And Cash Equivalents,840.20,"1,936.50","1,272.50",,
C-413,https://www.moneycontrol.com/financials/one97communicationspaytm/cash-flowVI/OC03#OC03,CF,Cash And Cash Equivalents Begin of Year,"3,002.90","1,066.40",-206.10,,
C-413,https://www.moneycontrol.com/financials/one97communicationspaytm/cash-flowVI/OC03#OC03,CF,Cash And Cash Equivalents End Of Year,"3,843.10","3,002.90","1,066.40",,
C-413,https://www.moneycontrol.com/financials/one97communicationspaytm/consolidated-cash-flowVI/OC03#OC03,CF_cons,Cash Flow of One 97 Communications Paytm(in Rs. Cr.),Mar 24,Mar 23,Mar 22,Mar 21,
C-413,https://www.moneycontrol.com/financials/one97communicationspaytm/consolidated-cash-flowVI/OC03#OC03,CF_cons,,12 mths,12 mths,12 mths,12 mths,
C-413,https://www.moneycontrol.com/financials/one97communicationspaytm/consolidated-cash-flowVI/OC03#OC03,CF_cons,Net Profit/Loss Before Extraordinary Items And Tax,"-1,390.40","-1,742.90","-2,385.10","-1,698.30",
C-413,https://www.moneycontrol.com/financials/one97communicationspaytm/consolidated-cash-flowVI/OC03#OC03,CF_cons,Net CashFlow From Operating Activities,650.80,415.60,"-1,236.30","-2,082.50",
C-413,https://www.moneycontrol.com/financials/one97communicationspaytm/consolidated-cash-flowVI/OC03#OC03,CF_cons,Net Cash Used In Investing Activities,318.00,"2,625.50","-5,488.60","1,929.80",
C-413,https://www.moneycontrol.com/financials/one97communicationspaytm/consolidated-cash-flowVI/OC03#OC03,CF_cons,Net Cash Used From Financing Activities,-22.10,"-1,112.30","8,053.50",-222.10,
C-413,https://www.moneycontrol.com/financials/one97communicationspaytm/consolidated-cash-flowVI/OC03#OC03,CF_cons,Foreign Exchange Gains / Losses,20.50,2.30,4.90,4.00,
C-413,https://www.moneycontrol.com/financials/one97communicationspaytm/consolidated-cash-flowVI/OC03#OC03,CF_cons,Adjustments On Amalgamation Merger Demerger Others,0.00,0.00,0.00,0.00,
C-413,https://www.moneycontrol.com/financials/one97communicationspaytm/consolidated-cash-flowVI/OC03#OC03,CF_cons,Net Inc/Dec In Cash And Cash Equivalents,967.20,"1,931.10","1,333.50",-370.80,
C-413,https://www.moneycontrol.com/financials/one97communicationspaytm/consolidated-cash-flowVI/OC03#OC03,CF_cons,Cash And Cash Equivalents Begin of Year,"3,310.00","1,378.90",45.40,416.20,
C-413,https://www.moneycontrol.com/financials/one97communicationspaytm/consolidated-cash-flowVI/OC03#OC03,CF_cons,Cash And Cash Equivalents End Of Year,"4,277.20","3,310.00","1,378.90",45.40,
C-413,https://www.moneycontrol.com/financials/one97communicationspaytm/ratiosVI/OC03#OC03,FR,Key Financial Ratios of One 97 Communications Paytm(in Rs. Cr.),Mar 25,Mar 24,Mar 23,Mar 22,
C-413,https://www.moneycontrol.com/financials/one97communicationspaytm/ratiosVI/OC03#OC03,FR,Per Share Ratios,,,,,
C-413,https://www.moneycontrol.com/financials/one97communicationspaytm/ratiosVI/OC03#OC03,FR,Basic EPS (Rs.),-12.39,-23.00,-29.00,-37.00,
C-413,https://www.moneycontrol.com/financials/one97communicationspaytm/ratiosVI/OC03#OC03,FR,Diluted EPS (Rs.),-12.39,-23.00,-29.00,-37.00,
C-413,https://www.moneycontrol.com/financials/one97communicationspaytm/ratiosVI/OC03#OC03,FR,Cash EPS (Rs.),-2.06,-11.87,-21.86,-32.31,
C-413,https://www.moneycontrol.com/financials/one97communicationspaytm/ratiosVI/OC03#OC03,FR,Book Value [ExclRevalReserve]/Share (Rs.),201.79,194.00,193.79,211.29,
C-413,https://www.moneycontrol.com/financials/one97communicationspaytm/ratiosVI/OC03#OC03,FR,Book Value [InclRevalReserve]/Share (Rs.),201.79,194.00,193.79,211.29,
C-413,https://www.moneycontrol.com/financials/one97communicationspaytm/ratiosVI/OC03#OC03,FR,Dividend / Share(Rs.),0.00,0.00,0.00,0.00,
C-413,https://www.moneycontrol.com/financials/one97communicationspaytm/ratiosVI/OC03#OC03,FR,Revenue from Operations/Share (Rs.),86.28,120.45,95.07,59.98,
C-413,https://www.moneycontrol.com/financials/one97communicationspaytm/ratiosVI/OC03#OC03,FR,PBDIT/Share (Rs.),-13.24,-8.09,-20.53,-31.04,
C-413,https://www.moneycontrol.com/financials/one97communicationspaytm/ratiosVI/OC03#OC03,FR,PBIT/Share (Rs.),-23.54,-19.43,-27.93,-34.55,
C-413,https://www.moneycontrol.com/financials/one97communicationspaytm/ratiosVI/OC03#OC03,FR,PBT/Share (Rs.),-12.37,-23.21,-29.27,-35.82,
C-413,https://www.moneycontrol.com/financials/one97communicationspaytm/ratiosVI/OC03#OC03,FR,Net Profit/Share (Rs.),-12.37,-23.21,-29.27,-35.83,
C-413,https://www.moneycontrol.com/financials/one97communicationspaytm/ratiosVI/OC03#OC03,FR,Profitability Ratios,,,,,
C-413,https://www.moneycontrol.com/financials/one97communicationspaytm/ratiosVI/OC03#OC03,FR,PBDIT Margin (%),-15.33,-6.71,-21.58,-51.75,
C-413,https://www.moneycontrol.com/financials/one97communicationspaytm/ratiosVI/OC03#OC03,FR,PBIT Margin (%),-27.28,-16.12,-29.37,-57.61,
C-413,https://www.moneycontrol.com/financials/one97communicationspaytm/ratiosVI/OC03#OC03,FR,PBT Margin (%),-14.33,-19.26,-30.78,-59.72,
C-413,https://www.moneycontrol.com/financials/one97communicationspaytm/ratiosVI/OC03#OC03,FR,Net Profit Margin (%),-14.33,-19.26,-30.78,-59.73,
C-413,https://www.moneycontrol.com/financials/one97communicationspaytm/ratiosVI/OC03#OC03,FR,Return on Networth / Equity (%),-6.12,-11.96,-15.10,-16.95,
C-413,https://www.moneycontrol.com/financials/one97communicationspaytm/ratiosVI/OC03#OC03,FR,Return on Capital Employed (%),-11.44,-9.77,-13.88,-15.76,
C-413,https://www.moneycontrol.com/financials/one97communicationspaytm/ratiosVI/OC03#OC03,FR,Return on Assets (%),-4.52,-9.84,-11.86,-14.21,
C-413,https://www.moneycontrol.com/financials/one97communicationspaytm/ratiosVI/OC03#OC03,FR,Total Debt/Equity (X),0.00,0.00,0.00,0.00,
C-413,https://www.moneycontrol.com/financials/one97communicationspaytm/ratiosVI/OC03#OC03,FR,Asset Turnover Ratio (%),0.34,0.50,0.38,0.30,
C-413,https://www.moneycontrol.com/financials/one97communicationspaytm/ratiosVI/OC03#OC03,FR,Liquidity Ratios,,,,,
C-413,https://www.moneycontrol.com/financials/one97communicationspaytm/ratiosVI/OC03#OC03,FR,Current Ratio (X),2.81,4.36,4.10,4.31,
C-413,https://www.moneycontrol.com/financials/one97communicationspaytm/ratiosVI/OC03#OC03,FR,Quick Ratio (X),2.81,4.36,4.10,4.31,
C-413,https://www.moneycontrol.com/financials/one97communicationspaytm/ratiosVI/OC03#OC03,FR,Inventory Turnover Ratio (X),0.00,0.00,0.00,0.00,
C-413,https://www.moneycontrol.com/financials/one97communicationspaytm/ratiosVI/OC03#OC03,FR,Dividend Payout Ratio (NP) (%),0.00,0.00,0.00,0.00,
C-413,https://www.moneycontrol.com/financials/one97communicationspaytm/ratiosVI/OC03#OC03,FR,Dividend Payout Ratio (CP) (%),0.00,0.00,0.00,0.00,
C-413,https://www.moneycontrol.com/financials/one97communicationspaytm/ratiosVI/OC03#OC03,FR,Earnings Retention Ratio (%),0.00,0.00,0.00,0.00,
C-413,https://www.moneycontrol.com/financials/one97communicationspaytm/ratiosVI/OC03#OC03,FR,Cash Earnings Retention Ratio (%),0.00,0.00,0.00,0.00,
C-413,https://www.moneycontrol.com/financials/one97communicationspaytm/ratiosVI/OC03#OC03,FR,Valuation Ratios,,,,,
C-413,https://www.moneycontrol.com/financials/one97communicationspaytm/ratiosVI/OC03#OC03,FR,Enterprise Value (Cr.),"42,589.49","21,467.10","34,073.70","29,444.78",
C-413,https://www.moneycontrol.com/financials/one97communicationspaytm/ratiosVI/OC03#OC03,FR,EV/Net Operating Revenue (X),7.74,2.80,5.65,7.56,
C-413,https://www.moneycontrol.com/financials/one97communicationspaytm/ratiosVI/OC03#OC03,FR,EV/EBITDA (X),-50.44,-41.72,-26.18,-14.62,
C-413,https://www.moneycontrol.com/financials/one97communicationspaytm/ratiosVI/OC03#OC03,FR,MarketCap/Net Operating Revenue (X),9.08,3.34,6.70,8.81,
C-413,https://www.moneycontrol.com/financials/one97communicationspaytm/ratiosVI/OC03#OC03,FR,Retention Ratios (%),0.00,0.00,0.00,0.00,
C-413,https://www.moneycontrol.com/financials/one97communicationspaytm/ratiosVI/OC03#OC03,FR,Price/BV (X),3.88,2.08,3.29,2.50,
C-413,https://www.moneycontrol.com/financials/one97communicationspaytm/ratiosVI/OC03#OC03,FR,Price/Net Operating Revenue,9.08,3.34,6.70,8.81,
C-413,https://www.moneycontrol.com/financials/one97communicationspaytm/ratiosVI/OC03#OC03,FR,Earnings Yield,-0.02,-0.06,-0.05,-0.07,
C-413,https://www.moneycontrol.com/financials/one97communicationspaytm/consolidated-ratiosVI/OC03#OC03,FR_cons,Key Financial Ratios of One 97 Communications Paytm(in Rs. Cr.),Mar 24,Mar 23,Mar 22,Mar 21,
C-413,https://www.moneycontrol.com/financials/one97communicationspaytm/consolidated-ratiosVI/OC03#OC03,FR_cons,Per Share Ratios,,,,,
C-413,https://www.moneycontrol.com/financials/one97communicationspaytm/consolidated-ratiosVI/OC03#OC03,FR_cons,Basic EPS (Rs.),-22.00,-27.00,-38.00,-281.16,
C-413,https://www.moneycontrol.com/financials/one97communicationspaytm/consolidated-ratiosVI/OC03#OC03,FR_cons,Diluted EPS (Rs.),-22.00,-27.00,-38.00,-281.16,
C-413,https://www.moneycontrol.com/financials/one97communicationspaytm/consolidated-ratiosVI/OC03#OC03,FR_cons,Cash EPS (Rs.),-10.20,-20.17,-32.41,-239.42,
C-413,https://www.moneycontrol.com/financials/one97communicationspaytm/consolidated-ratiosVI/OC03#OC03,FR_cons,Book Value [ExclRevalReserve]/Share (Rs.),209.09,204.93,217.71,"1,077.02",
C-413,https://www.moneycontrol.com/financials/one97communicationspaytm/consolidated-ratiosVI/OC03#OC03,FR_cons,Book Value [InclRevalReserve]/Share (Rs.),209.09,204.93,217.71,"1,077.02",
C-413,https://www.moneycontrol.com/financials/one97communicationspaytm/consolidated-ratiosVI/OC03#OC03,FR_cons,Revenue from Operations/Share (Rs.),156.88,126.03,76.64,463.21,
C-413,https://www.moneycontrol.com/financials/one97communicationspaytm/consolidated-ratiosVI/OC03#OC03,FR_cons,PBDIT/Share (Rs.),-9.23,-19.27,-31.59,-228.58,
C-413,https://www.moneycontrol.com/financials/one97communicationspaytm/consolidated-ratiosVI/OC03#OC03,FR_cons,PBIT/Share (Rs.),-20.80,-26.93,-35.40,-258.08,
C-413,https://www.moneycontrol.com/financials/one97communicationspaytm/consolidated-ratiosVI/OC03#OC03,FR_cons,PBT/Share (Rs.),-21.27,-27.29,-36.04,-268.48,
C-413,https://www.moneycontrol.com/financials/one97communicationspaytm/consolidated-ratiosVI/OC03#OC03,FR_cons,Net Profit/Share (Rs.),-21.77,-27.82,-36.22,-268.93,
C-413,https://www.moneycontrol.com/financials/one97communicationspaytm/consolidated-ratiosVI/OC03#OC03,FR_cons,NP After MI And SOA / Share (Rs.),-22.28,-28.01,-36.87,-280.35,
C-413,https://www.moneycontrol.com/financials/one97communicationspaytm/consolidated-ratiosVI/OC03#OC03,FR_cons,Profitability Ratios,,,,,
C-413,https://www.moneycontrol.com/financials/one97communicationspaytm/consolidated-ratiosVI/OC03#OC03,FR_cons,PBDIT Margin (%),-5.88,-15.29,-41.21,-49.34,
C-413,https://www.moneycontrol.com/financials/one97communicationspaytm/consolidated-ratiosVI/OC03#OC03,FR_cons,PBIT Margin (%),-13.25,-21.36,-46.18,-55.71,
C-413,https://www.moneycontrol.com/financials/one97communicationspaytm/consolidated-ratiosVI/OC03#OC03,FR_cons,PBT Margin (%),-13.55,-21.65,-47.02,-57.96,
C-413,https://www.moneycontrol.com/financials/one97communicationspaytm/consolidated-ratiosVI/OC03#OC03,FR_cons,Net Profit Margin (%),-13.87,-22.07,-47.25,-58.05,
C-413,https://www.moneycontrol.com/financials/one97communicationspaytm/consolidated-ratiosVI/OC03#OC03,FR_cons,NP After MI And SOA Margin (%),-14.20,-22.22,-48.10,-60.52,
C-413,https://www.moneycontrol.com/financials/one97communicationspaytm/consolidated-ratiosVI/OC03#OC03,FR_cons,Return on Networth/Equity (%),-10.63,-13.64,-16.90,-25.95,
C-413,https://www.moneycontrol.com/financials/one97communicationspaytm/consolidated-ratiosVI/OC03#OC03,FR_cons,Return on Capital Employed (%),-9.70,-12.66,-15.67,-22.31,
C-413,https://www.moneycontrol.com/financials/one97communicationspaytm/consolidated-ratiosVI/OC03#OC03,FR_cons,Return on Assets (%),-8.26,-9.88,-13.30,-18.53,
C-413,https://www.moneycontrol.com/financials/one97communicationspaytm/consolidated-ratiosVI/OC03#OC03,FR_cons,Total Debt/Equity (X),0.00,0.00,0.00,0.08,
C-413,https://www.moneycontrol.com/financials/one97communicationspaytm/consolidated-ratiosVI/OC03#OC03,FR_cons,Asset Turnover Ratio (%),0.57,0.44,0.37,0.29,
C-413,https://www.moneycontrol.com/financials/one97communicationspaytm/consolidated-ratiosVI/OC03#OC03,FR_cons,Liquidity Ratios,,,,,
C-413,https://www.moneycontrol.com/financials/one97communicationspaytm/consolidated-ratiosVI/OC03#OC03,FR_cons,Current Ratio (X),3.46,3.12,3.22,3.43,
C-413,https://www.moneycontrol.com/financials/one97communicationspaytm/consolidated-ratiosVI/OC03#OC03,FR_cons,Quick Ratio (X),3.46,3.12,3.22,3.43,
C-413,https://www.moneycontrol.com/financials/one97communicationspaytm/consolidated-ratiosVI/OC03#OC03,FR_cons,Inventory Turnover Ratio (X),0.00,0.00,0.00,0.00,
C-413,https://www.moneycontrol.com/financials/one97communicationspaytm/consolidated-ratiosVI/OC03#OC03,FR_cons,Dividend Payout Ratio (NP) (%),0.00,0.00,0.00,0.00,
C-413,https://www.moneycontrol.com/financials/one97communicationspaytm/consolidated-ratiosVI/OC03#OC03,FR_cons,Dividend Payout Ratio (CP) (%),0.00,0.00,0.00,0.00,
C-413,https://www.moneycontrol.com/financials/one97communicationspaytm/consolidated-ratiosVI/OC03#OC03,FR_cons,Earnings Retention Ratio (%),0.00,0.00,0.00,0.00,
C-413,https://www.moneycontrol.com/financials/one97communicationspaytm/consolidated-ratiosVI/OC03#OC03,FR_cons,Cash Earnings Retention Ratio (%),0.00,0.00,0.00,0.00,
C-413,https://www.moneycontrol.com/financials/one97communicationspaytm/consolidated-ratiosVI/OC03#OC03,FR_cons,Coverage Ratios,,,,,
C-413,https://www.moneycontrol.com/financials/one97communicationspaytm/consolidated-ratiosVI/OC03#OC03,FR_cons,Interest Coverage Ratios (%),-24.16,-52.44,-52.03,-39.74,
C-413,https://www.moneycontrol.com/financials/one97communicationspaytm/consolidated-ratiosVI/OC03#OC03,FR_cons,Interest Coverage Ratios (Post Tax) (%),-24.16,-52.44,-52.03,-39.74,
C-413,https://www.moneycontrol.com/financials/one97communicationspaytm/consolidated-ratiosVI/OC03#OC03,FR_cons,Valuation Ratios,,,,,
C-413,https://www.moneycontrol.com/financials/one97communicationspaytm/consolidated-ratiosVI/OC03#OC03,FR_cons,Enterprise Value (Cr.),"20,340.50","33,325.60","29,056.18",0.00,
C-413,https://www.moneycontrol.com/financials/one97communicationspaytm/consolidated-ratiosVI/OC03#OC03,FR_cons,EV/Net Operating Revenue (X),2.04,4.17,5.84,0.00,
C-413,https://www.moneycontrol.com/financials/one97communicationspaytm/consolidated-ratiosVI/OC03#OC03,FR_cons,EV/EBITDA (X),-34.65,-27.28,-14.17,0.00,
C-413,https://www.moneycontrol.com/financials/one97communicationspaytm/consolidated-ratiosVI/OC03#OC03,FR_cons,MarketCap/Net Operating Revenue (X),2.57,5.05,6.89,0.00,
C-413,https://www.moneycontrol.com/financials/one97communicationspaytm/consolidated-ratiosVI/OC03#OC03,FR_cons,Retention Ratios (%),0.00,0.00,0.00,0.00,
C-413,https://www.moneycontrol.com/financials/one97communicationspaytm/consolidated-ratiosVI/OC03#OC03,FR_cons,Price/BV (X),1.92,3.10,2.42,0.00,
C-413,https://www.moneycontrol.com/financials/one97communicationspaytm/consolidated-ratiosVI/OC03#OC03,FR_cons,Price/Net Operating Revenue,2.57,5.05,6.89,0.00,
C-413,https://www.moneycontrol.com/financials/one97communicationspaytm/consolidated-ratiosVI/OC03#OC03,FR_cons,Earnings Yield,-0.06,-0.04,-0.07,0.00,